Month,L,M,S,gender,percentile,weight
0,0.3487,3.3464,0.14602,boys,P01,2
1,0.2297,4.4709,0.13395,boys,P01,2.9
2,0.197,5.5675,0.12385,boys,P01,3.7
3,0.1738,6.3762,0.11727,boys,P01,4.4
4,0.1553,7.0023,0.11316,boys,P01,4.9
5,0.1395,7.5105,0.1108,boys,P01,5.3
6,0.1257,7.934,0.10958,boys,P01,5.6
7,0.1134,8.297,0.10902,boys,P01,5.9
8,0.1021,8.6151,0.10882,boys,P01,6.1
9,0.0917,8.9014,0.10881,boys,P01,6.3
10,0.082,9.1649,0.10891,boys,P01,6.5
11,0.073,9.4122,0.10906,boys,P01,6.7
12,0.0644,9.6479,0.10925,boys,P01,6.9
13,0.0563,9.8749,0.10949,boys,P01,7
14,0.0487,10.0953,0.10976,boys,P01,7.2
15,0.0413,10.3108,0.11007,boys,P01,7.3
16,0.0343,10.5228,0.11041,boys,P01,7.5
17,0.0275,10.7319,0.11079,boys,P01,7.6
18,0.0211,10.9385,0.11119,boys,P01,7.7
19,0.0148,11.143,0.11164,boys,P01,7.9
20,0.0087,11.3462,0.11211,boys,P01,8
21,0.0029,11.5486,0.11261,boys,P01,8.2
22,-0.0028,11.7504,0.11314,boys,P01,8.3
23,-0.0083,11.9514,0.11369,boys,P01,8.4
24,-0.0137,12.1515,0.11426,boys,P01,8.5
25,-0.0189,12.3502,0.11485,boys,P01,8.7
26,-0.024,12.5466,0.11544,boys,P01,8.8
27,-0.0289,12.7401,0.11604,boys,P01,8.9
28,-0.0337,12.9303,0.11664,boys,P01,9
29,-0.0385,13.1169,0.11723,boys,P01,9.2
30,-0.0431,13.3,0.11781,boys,P01,9.3
31,-0.0476,13.4798,0.11839,boys,P01,9.4
32,-0.052,13.6567,0.11896,boys,P01,9.5
33,-0.0564,13.8309,0.11953,boys,P01,9.6
34,-0.0606,14.0031,0.12008,boys,P01,9.7
35,-0.0648,14.1736,0.12062,boys,P01,9.8
36,-0.0689,14.3429,0.12116,boys,P01,9.9
37,-0.0729,14.5113,0.12168,boys,P01,10
38,-0.0769,14.6791,0.1222,boys,P01,10.1
39,-0.0808,14.8466,0.12271,boys,P01,10.2
40,-0.0846,15.014,0.12322,boys,P01,10.3
41,-0.0883,15.1813,0.12373,boys,P01,10.4
42,-0.092,15.3486,0.12425,boys,P01,10.5
43,-0.0957,15.5158,0.12478,boys,P01,10.6
44,-0.0993,15.6828,0.12531,boys,P01,10.7
45,-0.1028,15.8497,0.12586,boys,P01,10.8
46,-0.1063,16.0163,0.12643,boys,P01,10.9
47,-0.1097,16.1827,0.127,boys,P01,11
48,-0.1131,16.3489,0.12759,boys,P01,11.1
49,-0.1165,16.515,0.12819,boys,P01,11.2
50,-0.1198,16.6811,0.1288,boys,P01,11.3
51,-0.123,16.8471,0.12943,boys,P01,11.4
52,-0.1262,17.0132,0.13005,boys,P01,11.5
53,-0.1294,17.1792,0.13069,boys,P01,11.6
54,-0.1325,17.3452,0.13133,boys,P01,11.7
55,-0.1356,17.5111,0.13197,boys,P01,11.8
56,-0.1387,17.6768,0.13261,boys,P01,11.9
57,-0.1417,17.8422,0.13325,boys,P01,12
58,-0.1447,18.0073,0.13389,boys,P01,12
59,-0.1477,18.1722,0.13453,boys,P01,12.1
60,-0.1506,18.3366,0.13517,boys,P01,12.2
0,0.3809,3.2322,0.14171,girls,P01,2
1,0.1714,4.1873,0.13724,girls,P01,2.7
2,0.0962,5.1282,0.13,girls,P01,3.4
3,0.0402,5.8458,0.12619,girls,P01,3.9
4,-0.005,6.4237,0.12402,girls,P01,4.4
5,-0.043,6.8985,0.12274,girls,P01,4.7
6,-0.0756,7.297,0.12204,girls,P01,5
7,-0.1039,7.6422,0.12178,girls,P01,5.3
8,-0.1288,7.9487,0.12181,girls,P01,5.5
9,-0.1507,8.2254,0.12199,girls,P01,5.7
10,-0.17,8.48,0.12223,girls,P01,5.9
11,-0.1872,8.7192,0.12247,girls,P01,6
12,-0.2024,8.9481,0.12268,girls,P01,6.2
13,-0.2158,9.1699,0.12283,girls,P01,6.4
14,-0.2278,9.387,0.12294,girls,P01,6.5
15,-0.2384,9.6008,0.12299,girls,P01,6.7
16,-0.2478,9.8124,0.12303,girls,P01,6.8
17,-0.2562,10.0226,0.12306,girls,P01,7
18,-0.2637,10.2315,0.12309,girls,P01,7.1
19,-0.2703,10.4393,0.12315,girls,P01,7.3
20,-0.2762,10.6464,0.12323,girls,P01,7.4
21,-0.2815,10.8534,0.12335,girls,P01,7.6
22,-0.2862,11.0608,0.1235,girls,P01,7.7
23,-0.2903,11.2688,0.12369,girls,P01,7.8
24,-0.2941,11.4775,0.1239,girls,P01,8
25,-0.2975,11.6864,0.12414,girls,P01,8.1
26,-0.3005,11.8947,0.12441,girls,P01,8.3
27,-0.3032,12.1015,0.12472,girls,P01,8.4
28,-0.3057,12.3059,0.12506,girls,P01,8.5
29,-0.308,12.5073,0.12545,girls,P01,8.7
30,-0.3101,12.7055,0.12587,girls,P01,8.8
31,-0.312,12.9006,0.12633,girls,P01,8.9
32,-0.3138,13.093,0.12683,girls,P01,9
33,-0.3155,13.2837,0.12737,girls,P01,9.2
34,-0.3171,13.4731,0.12794,girls,P01,9.3
35,-0.3186,13.6618,0.12855,girls,P01,9.4
36,-0.3201,13.8503,0.12919,girls,P01,9.5
37,-0.3216,14.0385,0.12988,girls,P01,9.6
38,-0.323,14.2265,0.13059,girls,P01,9.7
39,-0.3243,14.414,0.13135,girls,P01,9.8
40,-0.3257,14.601,0.13213,girls,P01,10
41,-0.327,14.7873,0.13293,girls,P01,10.1
42,-0.3283,14.9727,0.13376,girls,P01,10.2
43,-0.3296,15.1573,0.1346,girls,P01,10.3
44,-0.3309,15.341,0.13545,girls,P01,10.4
45,-0.3322,15.524,0.1363,girls,P01,10.5
46,-0.3335,15.7064,0.13716,girls,P01,10.6
47,-0.3348,15.8882,0.138,girls,P01,10.7
48,-0.3361,16.0697,0.13884,girls,P01,10.8
49,-0.3374,16.2511,0.13968,girls,P01,10.9
50,-0.3387,16.4322,0.14051,girls,P01,11
51,-0.34,16.6133,0.14132,girls,P01,11.1
52,-0.3414,16.7942,0.14213,girls,P01,11.2
53,-0.3427,16.9748,0.14293,girls,P01,11.3
54,-0.344,17.1551,0.14371,girls,P01,11.3
55,-0.3453,17.3347,0.14448,girls,P01,11.4
56,-0.3466,17.5136,0.14525,girls,P01,11.5
57,-0.3479,17.6916,0.146,girls,P01,11.6
58,-0.3492,17.8686,0.14675,girls,P01,11.7
59,-0.3505,18.0445,0.14748,girls,P01,11.8
60,-0.3518,18.2193,0.14821,girls,P01,11.9
0,0.3487,3.3464,0.14602,boys,P1,2.3
1,0.2297,4.4709,0.13395,boys,P1,3.2
2,0.197,5.5675,0.12385,boys,P1,4.1
3,0.1738,6.3762,0.11727,boys,P1,4.8
4,0.1553,7.0023,0.11316,boys,P1,5.4
5,0.1395,7.5105,0.1108,boys,P1,5.8
6,0.1257,7.934,0.10958,boys,P1,6.1
7,0.1134,8.297,0.10902,boys,P1,6.4
8,0.1021,8.6151,0.10882,boys,P1,6.7
9,0.0917,8.9014,0.10881,boys,P1,6.9
10,0.082,9.1649,0.10891,boys,P1,7.1
11,0.073,9.4122,0.10906,boys,P1,7.3
12,0.0644,9.6479,0.10925,boys,P1,7.5
13,0.0563,9.8749,0.10949,boys,P1,7.6
14,0.0487,10.0953,0.10976,boys,P1,7.8
15,0.0413,10.3108,0.11007,boys,P1,8
16,0.0343,10.5228,0.11041,boys,P1,8.1
17,0.0275,10.7319,0.11079,boys,P1,8.3
18,0.0211,10.9385,0.11119,boys,P1,8.4
19,0.0148,11.143,0.11164,boys,P1,8.6
20,0.0087,11.3462,0.11211,boys,P1,8.7
21,0.0029,11.5486,0.11261,boys,P1,8.9
22,-0.0028,11.7504,0.11314,boys,P1,9
23,-0.0083,11.9514,0.11369,boys,P1,9.2
24,-0.0137,12.1515,0.11426,boys,P1,9.3
25,-0.0189,12.3502,0.11485,boys,P1,9.5
26,-0.024,12.5466,0.11544,boys,P1,9.6
27,-0.0289,12.7401,0.11604,boys,P1,9.7
28,-0.0337,12.9303,0.11664,boys,P1,9.9
29,-0.0385,13.1169,0.11723,boys,P1,10
30,-0.0431,13.3,0.11781,boys,P1,10.1
31,-0.0476,13.4798,0.11839,boys,P1,10.3
32,-0.052,13.6567,0.11896,boys,P1,10.4
33,-0.0564,13.8309,0.11953,boys,P1,10.5
34,-0.0606,14.0031,0.12008,boys,P1,10.6
35,-0.0648,14.1736,0.12062,boys,P1,10.7
36,-0.0689,14.3429,0.12116,boys,P1,10.8
37,-0.0729,14.5113,0.12168,boys,P1,11
38,-0.0769,14.6791,0.1222,boys,P1,11.1
39,-0.0808,14.8466,0.12271,boys,P1,11.2
40,-0.0846,15.014,0.12322,boys,P1,11.3
41,-0.0883,15.1813,0.12373,boys,P1,11.4
42,-0.092,15.3486,0.12425,boys,P1,11.5
43,-0.0957,15.5158,0.12478,boys,P1,11.7
44,-0.0993,15.6828,0.12531,boys,P1,11.8
45,-0.1028,15.8497,0.12586,boys,P1,11.9
46,-0.1063,16.0163,0.12643,boys,P1,12
47,-0.1097,16.1827,0.127,boys,P1,12.1
48,-0.1131,16.3489,0.12759,boys,P1,12.2
49,-0.1165,16.515,0.12819,boys,P1,12.3
50,-0.1198,16.6811,0.1288,boys,P1,12.4
51,-0.123,16.8471,0.12943,boys,P1,12.5
52,-0.1262,17.0132,0.13005,boys,P1,12.6
53,-0.1294,17.1792,0.13069,boys,P1,12.7
54,-0.1325,17.3452,0.13133,boys,P1,12.9
55,-0.1356,17.5111,0.13197,boys,P1,13
56,-0.1387,17.6768,0.13261,boys,P1,13.1
57,-0.1417,17.8422,0.13325,boys,P1,13.2
58,-0.1447,18.0073,0.13389,boys,P1,13.3
59,-0.1477,18.1722,0.13453,boys,P1,13.4
60,-0.1506,18.3366,0.13517,boys,P1,13.5
0,0.3809,3.2322,0.14171,girls,P1,2.3
1,0.1714,4.1873,0.13724,girls,P1,3
2,0.0962,5.1282,0.13,girls,P1,3.8
3,0.0402,5.8458,0.12619,girls,P1,4.4
4,-0.005,6.4237,0.12402,girls,P1,4.8
5,-0.043,6.8985,0.12274,girls,P1,5.2
6,-0.0756,7.297,0.12204,girls,P1,5.5
7,-0.1039,7.6422,0.12178,girls,P1,5.8
8,-0.1288,7.9487,0.12181,girls,P1,6
9,-0.1507,8.2254,0.12199,girls,P1,6.2
10,-0.17,8.48,0.12223,girls,P1,6.4
11,-0.1872,8.7192,0.12247,girls,P1,6.6
12,-0.2024,8.9481,0.12268,girls,P1,6.8
13,-0.2158,9.1699,0.12283,girls,P1,6.9
14,-0.2278,9.387,0.12294,girls,P1,7.1
15,-0.2384,9.6008,0.12299,girls,P1,7.3
16,-0.2478,9.8124,0.12303,girls,P1,7.4
17,-0.2562,10.0226,0.12306,girls,P1,7.6
18,-0.2637,10.2315,0.12309,girls,P1,7.8
19,-0.2703,10.4393,0.12315,girls,P1,7.9
20,-0.2762,10.6464,0.12323,girls,P1,8.1
21,-0.2815,10.8534,0.12335,girls,P1,8.2
22,-0.2862,11.0608,0.1235,girls,P1,8.4
23,-0.2903,11.2688,0.12369,girls,P1,8.5
24,-0.2941,11.4775,0.1239,girls,P1,8.7
25,-0.2975,11.6864,0.12414,girls,P1,8.9
26,-0.3005,11.8947,0.12441,girls,P1,9
27,-0.3032,12.1015,0.12472,girls,P1,9.2
28,-0.3057,12.3059,0.12506,girls,P1,9.3
29,-0.308,12.5073,0.12545,girls,P1,9.5
30,-0.3101,12.7055,0.12587,girls,P1,9.6
31,-0.312,12.9006,0.12633,girls,P1,9.7
32,-0.3138,13.093,0.12683,girls,P1,9.9
33,-0.3155,13.2837,0.12737,girls,P1,10
34,-0.3171,13.4731,0.12794,girls,P1,10.1
35,-0.3186,13.6618,0.12855,girls,P1,10.3
36,-0.3201,13.8503,0.12919,girls,P1,10.4
37,-0.3216,14.0385,0.12988,girls,P1,10.5
38,-0.323,14.2265,0.13059,girls,P1,10.6
39,-0.3243,14.414,0.13135,girls,P1,10.8
40,-0.3257,14.601,0.13213,girls,P1,10.9
41,-0.327,14.7873,0.13293,girls,P1,11
42,-0.3283,14.9727,0.13376,girls,P1,11.1
43,-0.3296,15.1573,0.1346,girls,P1,11.3
44,-0.3309,15.341,0.13545,girls,P1,11.4
45,-0.3322,15.524,0.1363,girls,P1,11.5
46,-0.3335,15.7064,0.13716,girls,P1,11.6
47,-0.3348,15.8882,0.138,girls,P1,11.7
48,-0.3361,16.0697,0.13884,girls,P1,11.8
49,-0.3374,16.2511,0.13968,girls,P1,11.9
50,-0.3387,16.4322,0.14051,girls,P1,12.1
51,-0.34,16.6133,0.14132,girls,P1,12.2
52,-0.3414,16.7942,0.14213,girls,P1,12.3
53,-0.3427,16.9748,0.14293,girls,P1,12.4
54,-0.344,17.1551,0.14371,girls,P1,12.5
55,-0.3453,17.3347,0.14448,girls,P1,12.6
56,-0.3466,17.5136,0.14525,girls,P1,12.7
57,-0.3479,17.6916,0.146,girls,P1,12.8
58,-0.3492,17.8686,0.14675,girls,P1,12.9
59,-0.3505,18.0445,0.14748,girls,P1,13.1
60,-0.3518,18.2193,0.14821,girls,P1,13.2
0,0.3487,3.3464,0.14602,boys,P3,2.5
1,0.2297,4.4709,0.13395,boys,P3,3.4
2,0.197,5.5675,0.12385,boys,P3,4.4
3,0.1738,6.3762,0.11727,boys,P3,5.1
4,0.1553,7.0023,0.11316,boys,P3,5.6
5,0.1395,7.5105,0.1108,boys,P3,6.1
6,0.1257,7.934,0.10958,boys,P3,6.4
7,0.1134,8.297,0.10902,boys,P3,6.7
8,0.1021,8.6151,0.10882,boys,P3,7
9,0.0917,8.9014,0.10881,boys,P3,7.2
10,0.082,9.1649,0.10891,boys,P3,7.5
11,0.073,9.4122,0.10906,boys,P3,7.7
12,0.0644,9.6479,0.10925,boys,P3,7.8
13,0.0563,9.8749,0.10949,boys,P3,8
14,0.0487,10.0953,0.10976,boys,P3,8.2
15,0.0413,10.3108,0.11007,boys,P3,8.4
16,0.0343,10.5228,0.11041,boys,P3,8.5
17,0.0275,10.7319,0.11079,boys,P3,8.7
18,0.0211,10.9385,0.11119,boys,P3,8.9
19,0.0148,11.143,0.11164,boys,P3,9
20,0.0087,11.3462,0.11211,boys,P3,9.2
21,0.0029,11.5486,0.11261,boys,P3,9.3
22,-0.0028,11.7504,0.11314,boys,P3,9.5
23,-0.0083,11.9514,0.11369,boys,P3,9.7
24,-0.0137,12.1515,0.11426,boys,P3,9.8
25,-0.0189,12.3502,0.11485,boys,P3,10
26,-0.024,12.5466,0.11544,boys,P3,10.1
27,-0.0289,12.7401,0.11604,boys,P3,10.2
28,-0.0337,12.9303,0.11664,boys,P3,10.4
29,-0.0385,13.1169,0.11723,boys,P3,10.5
30,-0.0431,13.3,0.11781,boys,P3,10.7
31,-0.0476,13.4798,0.11839,boys,P3,10.8
32,-0.052,13.6567,0.11896,boys,P3,10.9
33,-0.0564,13.8309,0.11953,boys,P3,11.1
34,-0.0606,14.0031,0.12008,boys,P3,11.2
35,-0.0648,14.1736,0.12062,boys,P3,11.3
36,-0.0689,14.3429,0.12116,boys,P3,11.4
37,-0.0729,14.5113,0.12168,boys,P3,11.6
38,-0.0769,14.6791,0.1222,boys,P3,11.7
39,-0.0808,14.8466,0.12271,boys,P3,11.8
40,-0.0846,15.014,0.12322,boys,P3,11.9
41,-0.0883,15.1813,0.12373,boys,P3,12.1
42,-0.092,15.3486,0.12425,boys,P3,12.2
43,-0.0957,15.5158,0.12478,boys,P3,12.3
44,-0.0993,15.6828,0.12531,boys,P3,12.4
45,-0.1028,15.8497,0.12586,boys,P3,12.5
46,-0.1063,16.0163,0.12643,boys,P3,12.7
47,-0.1097,16.1827,0.127,boys,P3,12.8
48,-0.1131,16.3489,0.12759,boys,P3,12.9
49,-0.1165,16.515,0.12819,boys,P3,13
50,-0.1198,16.6811,0.1288,boys,P3,13.1
51,-0.123,16.8471,0.12943,boys,P3,13.3
52,-0.1262,17.0132,0.13005,boys,P3,13.4
53,-0.1294,17.1792,0.13069,boys,P3,13.5
54,-0.1325,17.3452,0.13133,boys,P3,13.6
55,-0.1356,17.5111,0.13197,boys,P3,13.7
56,-0.1387,17.6768,0.13261,boys,P3,13.8
57,-0.1417,17.8422,0.13325,boys,P3,13.9
58,-0.1447,18.0073,0.13389,boys,P3,14.1
59,-0.1477,18.1722,0.13453,boys,P3,14.2
60,-0.1506,18.3366,0.13517,boys,P3,14.3
0,0.3809,3.2322,0.14171,girls,P3,2.4
1,0.1714,4.1873,0.13724,girls,P3,3.2
2,0.0962,5.1282,0.13,girls,P3,4
3,0.0402,5.8458,0.12619,girls,P3,4.6
4,-0.005,6.4237,0.12402,girls,P3,5.1
5,-0.043,6.8985,0.12274,girls,P3,5.5
6,-0.0756,7.297,0.12204,girls,P3,5.8
7,-0.1039,7.6422,0.12178,girls,P3,6.1
8,-0.1288,7.9487,0.12181,girls,P3,6.3
9,-0.1507,8.2254,0.12199,girls,P3,6.6
10,-0.17,8.48,0.12223,girls,P3,6.8
11,-0.1872,8.7192,0.12247,girls,P3,7
12,-0.2024,8.9481,0.12268,girls,P3,7.1
13,-0.2158,9.1699,0.12283,girls,P3,7.3
14,-0.2278,9.387,0.12294,girls,P3,7.5
15,-0.2384,9.6008,0.12299,girls,P3,7.7
16,-0.2478,9.8124,0.12303,girls,P3,7.8
17,-0.2562,10.0226,0.12306,girls,P3,8
18,-0.2637,10.2315,0.12309,girls,P3,8.2
19,-0.2703,10.4393,0.12315,girls,P3,8.3
20,-0.2762,10.6464,0.12323,girls,P3,8.5
21,-0.2815,10.8534,0.12335,girls,P3,8.7
22,-0.2862,11.0608,0.1235,girls,P3,8.8
23,-0.2903,11.2688,0.12369,girls,P3,9
24,-0.2941,11.4775,0.1239,girls,P3,9.2
25,-0.2975,11.6864,0.12414,girls,P3,9.3
26,-0.3005,11.8947,0.12441,girls,P3,9.5
27,-0.3032,12.1015,0.12472,girls,P3,9.6
28,-0.3057,12.3059,0.12506,girls,P3,9.8
29,-0.308,12.5073,0.12545,girls,P3,10
30,-0.3101,12.7055,0.12587,girls,P3,10.1
31,-0.312,12.9006,0.12633,girls,P3,10.3
32,-0.3138,13.093,0.12683,girls,P3,10.4
33,-0.3155,13.2837,0.12737,girls,P3,10.5
34,-0.3171,13.4731,0.12794,girls,P3,10.7
35,-0.3186,13.6618,0.12855,girls,P3,10.8
36,-0.3201,13.8503,0.12919,girls,P3,11
37,-0.3216,14.0385,0.12988,girls,P3,11.1
38,-0.323,14.2265,0.13059,girls,P3,11.2
39,-0.3243,14.414,0.13135,girls,P3,11.4
40,-0.3257,14.601,0.13213,girls,P3,11.5
41,-0.327,14.7873,0.13293,girls,P3,11.6
42,-0.3283,14.9727,0.13376,girls,P3,11.8
43,-0.3296,15.1573,0.1346,girls,P3,11.9
44,-0.3309,15.341,0.13545,girls,P3,12
45,-0.3322,15.524,0.1363,girls,P3,12.1
46,-0.3335,15.7064,0.13716,girls,P3,12.3
47,-0.3348,15.8882,0.138,girls,P3,12.4
48,-0.3361,16.0697,0.13884,girls,P3,12.5
49,-0.3374,16.2511,0.13968,girls,P3,12.6
50,-0.3387,16.4322,0.14051,girls,P3,12.8
51,-0.34,16.6133,0.14132,girls,P3,12.9
52,-0.3414,16.7942,0.14213,girls,P3,13
53,-0.3427,16.9748,0.14293,girls,P3,13.1
54,-0.344,17.1551,0.14371,girls,P3,13.2
55,-0.3453,17.3347,0.14448,girls,P3,13.4
56,-0.3466,17.5136,0.14525,girls,P3,13.5
57,-0.3479,17.6916,0.146,girls,P3,13.6
58,-0.3492,17.8686,0.14675,girls,P3,13.7
59,-0.3505,18.0445,0.14748,girls,P3,13.8
60,-0.3518,18.2193,0.14821,girls,P3,14
0,0.3487,3.3464,0.14602,boys,P5,2.6
1,0.2297,4.4709,0.13395,boys,P5,3.6
2,0.197,5.5675,0.12385,boys,P5,4.5
3,0.1738,6.3762,0.11727,boys,P5,5.2
4,0.1553,7.0023,0.11316,boys,P5,5.8
5,0.1395,7.5105,0.1108,boys,P5,6.2
6,0.1257,7.934,0.10958,boys,P5,6.6
7,0.1134,8.297,0.10902,boys,P5,6.9
8,0.1021,8.6151,0.10882,boys,P5,7.2
9,0.0917,8.9014,0.10881,boys,P5,7.4
10,0.082,9.1649,0.10891,boys,P5,7.7
11,0.073,9.4122,0.10906,boys,P5,7.9
12,0.0644,9.6479,0.10925,boys,P5,8.1
13,0.0563,9.8749,0.10949,boys,P5,8.2
14,0.0487,10.0953,0.10976,boys,P5,8.4
15,0.0413,10.3108,0.11007,boys,P5,8.6
16,0.0343,10.5228,0.11041,boys,P5,8.8
17,0.0275,10.7319,0.11079,boys,P5,8.9
18,0.0211,10.9385,0.11119,boys,P5,9.1
19,0.0148,11.143,0.11164,boys,P5,9.3
20,0.0087,11.3462,0.11211,boys,P5,9.4
21,0.0029,11.5486,0.11261,boys,P5,9.6
22,-0.0028,11.7504,0.11314,boys,P5,9.8
23,-0.0083,11.9514,0.11369,boys,P5,9.9
24,-0.0137,12.1515,0.11426,boys,P5,10.1
25,-0.0189,12.3502,0.11485,boys,P5,10.2
26,-0.024,12.5466,0.11544,boys,P5,10.4
27,-0.0289,12.7401,0.11604,boys,P5,10.5
28,-0.0337,12.9303,0.11664,boys,P5,10.7
29,-0.0385,13.1169,0.11723,boys,P5,10.8
30,-0.0431,13.3,0.11781,boys,P5,11
31,-0.0476,13.4798,0.11839,boys,P5,11.1
32,-0.052,13.6567,0.11896,boys,P5,11.2
33,-0.0564,13.8309,0.11953,boys,P5,11.4
34,-0.0606,14.0031,0.12008,boys,P5,11.5
35,-0.0648,14.1736,0.12062,boys,P5,11.6
36,-0.0689,14.3429,0.12116,boys,P5,11.8
37,-0.0729,14.5113,0.12168,boys,P5,11.9
38,-0.0769,14.6791,0.1222,boys,P5,12
39,-0.0808,14.8466,0.12271,boys,P5,12.2
40,-0.0846,15.014,0.12322,boys,P5,12.3
41,-0.0883,15.1813,0.12373,boys,P5,12.4
42,-0.092,15.3486,0.12425,boys,P5,12.5
43,-0.0957,15.5158,0.12478,boys,P5,12.7
44,-0.0993,15.6828,0.12531,boys,P5,12.8
45,-0.1028,15.8497,0.12586,boys,P5,12.9
46,-0.1063,16.0163,0.12643,boys,P5,13
47,-0.1097,16.1827,0.127,boys,P5,13.2
48,-0.1131,16.3489,0.12759,boys,P5,13.3
49,-0.1165,16.515,0.12819,boys,P5,13.4
50,-0.1198,16.6811,0.1288,boys,P5,13.5
51,-0.123,16.8471,0.12943,boys,P5,13.7
52,-0.1262,17.0132,0.13005,boys,P5,13.8
53,-0.1294,17.1792,0.13069,boys,P5,13.9
54,-0.1325,17.3452,0.13133,boys,P5,14
55,-0.1356,17.5111,0.13197,boys,P5,14.1
56,-0.1387,17.6768,0.13261,boys,P5,14.3
57,-0.1417,17.8422,0.13325,boys,P5,14.4
58,-0.1447,18.0073,0.13389,boys,P5,14.5
59,-0.1477,18.1722,0.13453,boys,P5,14.6
60,-0.1506,18.3366,0.13517,boys,P5,14.7
0,0.3809,3.2322,0.14171,girls,P5,2.5
1,0.1714,4.1873,0.13724,girls,P5,3.3
2,0.0962,5.1282,0.13,girls,P5,4.1
3,0.0402,5.8458,0.12619,girls,P5,4.7
4,-0.005,6.4237,0.12402,girls,P5,5.2
5,-0.043,6.8985,0.12274,girls,P5,5.6
6,-0.0756,7.297,0.12204,girls,P5,6
7,-0.1039,7.6422,0.12178,girls,P5,6.3
8,-0.1288,7.9487,0.12181,girls,P5,6.5
9,-0.1507,8.2254,0.12199,girls,P5,6.8
10,-0.17,8.48,0.12223,girls,P5,7
11,-0.1872,8.7192,0.12247,girls,P5,7.2
12,-0.2024,8.9481,0.12268,girls,P5,7.3
13,-0.2158,9.1699,0.12283,girls,P5,7.5
14,-0.2278,9.387,0.12294,girls,P5,7.7
15,-0.2384,9.6008,0.12299,girls,P5,7.9
16,-0.2478,9.8124,0.12303,girls,P5,8.1
17,-0.2562,10.0226,0.12306,girls,P5,8.2
18,-0.2637,10.2315,0.12309,girls,P5,8.4
19,-0.2703,10.4393,0.12315,girls,P5,8.6
20,-0.2762,10.6464,0.12323,girls,P5,8.7
21,-0.2815,10.8534,0.12335,girls,P5,8.9
22,-0.2862,11.0608,0.1235,girls,P5,9.1
23,-0.2903,11.2688,0.12369,girls,P5,9.2
24,-0.2941,11.4775,0.1239,girls,P5,9.4
25,-0.2975,11.6864,0.12414,girls,P5,9.6
26,-0.3005,11.8947,0.12441,girls,P5,9.8
27,-0.3032,12.1015,0.12472,girls,P5,9.9
28,-0.3057,12.3059,0.12506,girls,P5,10.1
29,-0.308,12.5073,0.12545,girls,P5,10.2
30,-0.3101,12.7055,0.12587,girls,P5,10.4
31,-0.312,12.9006,0.12633,girls,P5,10.5
32,-0.3138,13.093,0.12683,girls,P5,10.7
33,-0.3155,13.2837,0.12737,girls,P5,10.8
34,-0.3171,13.4731,0.12794,girls,P5,11
35,-0.3186,13.6618,0.12855,girls,P5,11.1
36,-0.3201,13.8503,0.12919,girls,P5,11.3
37,-0.3216,14.0385,0.12988,girls,P5,11.4
38,-0.323,14.2265,0.13059,girls,P5,11.6
39,-0.3243,14.414,0.13135,girls,P5,11.7
40,-0.3257,14.601,0.13213,girls,P5,11.8
41,-0.327,14.7873,0.13293,girls,P5,12
42,-0.3283,14.9727,0.13376,girls,P5,12.1
43,-0.3296,15.1573,0.1346,girls,P5,12.2
44,-0.3309,15.341,0.13545,girls,P5,12.4
45,-0.3322,15.524,0.1363,girls,P5,12.5
46,-0.3335,15.7064,0.13716,girls,P5,12.6
47,-0.3348,15.8882,0.138,girls,P5,12.8
48,-0.3361,16.0697,0.13884,girls,P5,12.9
49,-0.3374,16.2511,0.13968,girls,P5,13
50,-0.3387,16.4322,0.14051,girls,P5,13.2
51,-0.34,16.6133,0.14132,girls,P5,13.3
52,-0.3414,16.7942,0.14213,girls,P5,13.4
53,-0.3427,16.9748,0.14293,girls,P5,13.5
54,-0.344,17.1551,0.14371,girls,P5,13.7
55,-0.3453,17.3347,0.14448,girls,P5,13.8
56,-0.3466,17.5136,0.14525,girls,P5,13.9
57,-0.3479,17.6916,0.146,girls,P5,14
58,-0.3492,17.8686,0.14675,girls,P5,14.2
59,-0.3505,18.0445,0.14748,girls,P5,14.3
60,-0.3518,18.2193,0.14821,girls,P5,14.4
0,0.3487,3.3464,0.14602,boys,P10,2.8
1,0.2297,4.4709,0.13395,boys,P10,3.8
2,0.197,5.5675,0.12385,boys,P10,4.7
3,0.1738,6.3762,0.11727,boys,P10,5.5
4,0.1553,7.0023,0.11316,boys,P10,6
5,0.1395,7.5105,0.1108,boys,P10,6.5
6,0.1257,7.934,0.10958,boys,P10,6.9
7,0.1134,8.297,0.10902,boys,P10,7.2
8,0.1021,8.6151,0.10882,boys,P10,7.5
9,0.0917,8.9014,0.10881,boys,P10,7.7
10,0.082,9.1649,0.10891,boys,P10,8
11,0.073,9.4122,0.10906,boys,P10,8.2
12,0.0644,9.6479,0.10925,boys,P10,8.4
13,0.0563,9.8749,0.10949,boys,P10,8.6
14,0.0487,10.0953,0.10976,boys,P10,8.8
15,0.0413,10.3108,0.11007,boys,P10,9
16,0.0343,10.5228,0.11041,boys,P10,9.1
17,0.0275,10.7319,0.11079,boys,P10,9.3
18,0.0211,10.9385,0.11119,boys,P10,9.5
19,0.0148,11.143,0.11164,boys,P10,9.7
20,0.0087,11.3462,0.11211,boys,P10,9.8
21,0.0029,11.5486,0.11261,boys,P10,10
22,-0.0028,11.7504,0.11314,boys,P10,10.2
23,-0.0083,11.9514,0.11369,boys,P10,10.3
24,-0.0137,12.1515,0.11426,boys,P10,10.5
25,-0.0189,12.3502,0.11485,boys,P10,10.7
26,-0.024,12.5466,0.11544,boys,P10,10.8
27,-0.0289,12.7401,0.11604,boys,P10,11
28,-0.0337,12.9303,0.11664,boys,P10,11.1
29,-0.0385,13.1169,0.11723,boys,P10,11.3
30,-0.0431,13.3,0.11781,boys,P10,11.4
31,-0.0476,13.4798,0.11839,boys,P10,11.6
32,-0.052,13.6567,0.11896,boys,P10,11.7
33,-0.0564,13.8309,0.11953,boys,P10,11.9
34,-0.0606,14.0031,0.12008,boys,P10,12
35,-0.0648,14.1736,0.12062,boys,P10,12.2
36,-0.0689,14.3429,0.12116,boys,P10,12.3
37,-0.0729,14.5113,0.12168,boys,P10,12.4
38,-0.0769,14.6791,0.1222,boys,P10,12.6
39,-0.0808,14.8466,0.12271,boys,P10,12.7
40,-0.0846,15.014,0.12322,boys,P10,12.8
41,-0.0883,15.1813,0.12373,boys,P10,13
42,-0.092,15.3486,0.12425,boys,P10,13.1
43,-0.0957,15.5158,0.12478,boys,P10,13.2
44,-0.0993,15.6828,0.12531,boys,P10,13.4
45,-0.1028,15.8497,0.12586,boys,P10,13.5
46,-0.1063,16.0163,0.12643,boys,P10,13.6
47,-0.1097,16.1827,0.127,boys,P10,13.8
48,-0.1131,16.3489,0.12759,boys,P10,13.9
49,-0.1165,16.515,0.12819,boys,P10,14
50,-0.1198,16.6811,0.1288,boys,P10,14.2
51,-0.123,16.8471,0.12943,boys,P10,14.3
52,-0.1262,17.0132,0.13005,boys,P10,14.4
53,-0.1294,17.1792,0.13069,boys,P10,14.6
54,-0.1325,17.3452,0.13133,boys,P10,14.7
55,-0.1356,17.5111,0.13197,boys,P10,14.8
56,-0.1387,17.6768,0.13261,boys,P10,14.9
57,-0.1417,17.8422,0.13325,boys,P10,15.1
58,-0.1447,18.0073,0.13389,boys,P10,15.2
59,-0.1477,18.1722,0.13453,boys,P10,15.3
60,-0.1506,18.3366,0.13517,boys,P10,15.5
0,0.3809,3.2322,0.14171,girls,P10,2.7
1,0.1714,4.1873,0.13724,girls,P10,3.5
2,0.0962,5.1282,0.13,girls,P10,4.3
3,0.0402,5.8458,0.12619,girls,P10,5
4,-0.005,6.4237,0.12402,girls,P10,5.5
5,-0.043,6.8985,0.12274,girls,P10,5.9
6,-0.0756,7.297,0.12204,girls,P10,6.2
7,-0.1039,7.6422,0.12178,girls,P10,6.5
8,-0.1288,7.9487,0.12181,girls,P10,6.8
9,-0.1507,8.2254,0.12199,girls,P10,7
10,-0.17,8.48,0.12223,girls,P10,7.3
11,-0.1872,8.7192,0.12247,girls,P10,7.5
12,-0.2024,8.9481,0.12268,girls,P10,7.7
13,-0.2158,9.1699,0.12283,girls,P10,7.9
14,-0.2278,9.387,0.12294,girls,P10,8
15,-0.2384,9.6008,0.12299,girls,P10,8.2
16,-0.2478,9.8124,0.12303,girls,P10,8.4
17,-0.2562,10.0226,0.12306,girls,P10,8.6
18,-0.2637,10.2315,0.12309,girls,P10,8.8
19,-0.2703,10.4393,0.12315,girls,P10,8.9
20,-0.2762,10.6464,0.12323,girls,P10,9.1
21,-0.2815,10.8534,0.12335,girls,P10,9.3
22,-0.2862,11.0608,0.1235,girls,P10,9.5
23,-0.2903,11.2688,0.12369,girls,P10,9.7
24,-0.2941,11.4775,0.1239,girls,P10,9.8
25,-0.2975,11.6864,0.12414,girls,P10,10
26,-0.3005,11.8947,0.12441,girls,P10,10.2
27,-0.3032,12.1015,0.12472,girls,P10,10.4
28,-0.3057,12.3059,0.12506,girls,P10,10.5
29,-0.308,12.5073,0.12545,girls,P10,10.7
30,-0.3101,12.7055,0.12587,girls,P10,10.9
31,-0.312,12.9006,0.12633,girls,P10,11
32,-0.3138,13.093,0.12683,girls,P10,11.2
33,-0.3155,13.2837,0.12737,girls,P10,11.3
34,-0.3171,13.4731,0.12794,girls,P10,11.5
35,-0.3186,13.6618,0.12855,girls,P10,11.6
36,-0.3201,13.8503,0.12919,girls,P10,11.8
37,-0.3216,14.0385,0.12988,girls,P10,11.9
38,-0.323,14.2265,0.13059,girls,P10,12.1
39,-0.3243,14.414,0.13135,girls,P10,12.2
40,-0.3257,14.601,0.13213,girls,P10,12.4
41,-0.327,14.7873,0.13293,girls,P10,12.5
42,-0.3283,14.9727,0.13376,girls,P10,12.7
43,-0.3296,15.1573,0.1346,girls,P10,12.8
44,-0.3309,15.341,0.13545,girls,P10,13
45,-0.3322,15.524,0.1363,girls,P10,13.1
46,-0.3335,15.7064,0.13716,girls,P10,13.2
47,-0.3348,15.8882,0.138,girls,P10,13.4
48,-0.3361,16.0697,0.13884,girls,P10,13.5
49,-0.3374,16.2511,0.13968,girls,P10,13.7
50,-0.3387,16.4322,0.14051,girls,P10,13.8
51,-0.34,16.6133,0.14132,girls,P10,13.9
52,-0.3414,16.7942,0.14213,girls,P10,14.1
53,-0.3427,16.9748,0.14293,girls,P10,14.2
54,-0.344,17.1551,0.14371,girls,P10,14.3
55,-0.3453,17.3347,0.14448,girls,P10,14.5
56,-0.3466,17.5136,0.14525,girls,P10,14.6
57,-0.3479,17.6916,0.146,girls,P10,14.8
58,-0.3492,17.8686,0.14675,girls,P10,14.9
59,-0.3505,18.0445,0.14748,girls,P10,15
60,-0.3518,18.2193,0.14821,girls,P10,15.2
0,0.3487,3.3464,0.14602,boys,P15,2.9
1,0.2297,4.4709,0.13395,boys,P15,3.9
2,0.197,5.5675,0.12385,boys,P15,4.9
3,0.1738,6.3762,0.11727,boys,P15,5.6
4,0.1553,7.0023,0.11316,boys,P15,6.2
5,0.1395,7.5105,0.1108,boys,P15,6.7
6,0.1257,7.934,0.10958,boys,P15,7.1
7,0.1134,8.297,0.10902,boys,P15,7.4
8,0.1021,8.6151,0.10882,boys,P15,7.7
9,0.0917,8.9014,0.10881,boys,P15,7.9
10,0.082,9.1649,0.10891,boys,P15,8.2
11,0.073,9.4122,0.10906,boys,P15,8.4
12,0.0644,9.6479,0.10925,boys,P15,8.6
13,0.0563,9.8749,0.10949,boys,P15,8.8
14,0.0487,10.0953,0.10976,boys,P15,9
15,0.0413,10.3108,0.11007,boys,P15,9.2
16,0.0343,10.5228,0.11041,boys,P15,9.4
17,0.0275,10.7319,0.11079,boys,P15,9.6
18,0.0211,10.9385,0.11119,boys,P15,9.7
19,0.0148,11.143,0.11164,boys,P15,9.9
20,0.0087,11.3462,0.11211,boys,P15,10.1
21,0.0029,11.5486,0.11261,boys,P15,10.3
22,-0.0028,11.7504,0.11314,boys,P15,10.5
23,-0.0083,11.9514,0.11369,boys,P15,10.6
24,-0.0137,12.1515,0.11426,boys,P15,10.8
25,-0.0189,12.3502,0.11485,boys,P15,11
26,-0.024,12.5466,0.11544,boys,P15,11.1
27,-0.0289,12.7401,0.11604,boys,P15,11.3
28,-0.0337,12.9303,0.11664,boys,P15,11.5
29,-0.0385,13.1169,0.11723,boys,P15,11.6
30,-0.0431,13.3,0.11781,boys,P15,11.8
31,-0.0476,13.4798,0.11839,boys,P15,11.9
32,-0.052,13.6567,0.11896,boys,P15,12.1
33,-0.0564,13.8309,0.11953,boys,P15,12.2
34,-0.0606,14.0031,0.12008,boys,P15,12.4
35,-0.0648,14.1736,0.12062,boys,P15,12.5
36,-0.0689,14.3429,0.12116,boys,P15,12.7
37,-0.0729,14.5113,0.12168,boys,P15,12.8
38,-0.0769,14.6791,0.1222,boys,P15,12.9
39,-0.0808,14.8466,0.12271,boys,P15,13.1
40,-0.0846,15.014,0.12322,boys,P15,13.2
41,-0.0883,15.1813,0.12373,boys,P15,13.4
42,-0.092,15.3486,0.12425,boys,P15,13.5
43,-0.0957,15.5158,0.12478,boys,P15,13.6
44,-0.0993,15.6828,0.12531,boys,P15,13.8
45,-0.1028,15.8497,0.12586,boys,P15,13.9
46,-0.1063,16.0163,0.12643,boys,P15,14.1
47,-0.1097,16.1827,0.127,boys,P15,14.2
48,-0.1131,16.3489,0.12759,boys,P15,14.3
49,-0.1165,16.515,0.12819,boys,P15,14.5
50,-0.1198,16.6811,0.1288,boys,P15,14.6
51,-0.123,16.8471,0.12943,boys,P15,14.7
52,-0.1262,17.0132,0.13005,boys,P15,14.9
53,-0.1294,17.1792,0.13069,boys,P15,15
54,-0.1325,17.3452,0.13133,boys,P15,15.2
55,-0.1356,17.5111,0.13197,boys,P15,15.3
56,-0.1387,17.6768,0.13261,boys,P15,15.4
57,-0.1417,17.8422,0.13325,boys,P15,15.6
58,-0.1447,18.0073,0.13389,boys,P15,15.7
59,-0.1477,18.1722,0.13453,boys,P15,15.8
60,-0.1506,18.3366,0.13517,boys,P15,16
0,0.3809,3.2322,0.14171,girls,P15,2.8
1,0.1714,4.1873,0.13724,girls,P15,3.6
2,0.0962,5.1282,0.13,girls,P15,4.5
3,0.0402,5.8458,0.12619,girls,P15,5.1
4,-0.005,6.4237,0.12402,girls,P15,5.6
5,-0.043,6.8985,0.12274,girls,P15,6.1
6,-0.0756,7.297,0.12204,girls,P15,6.4
7,-0.1039,7.6422,0.12178,girls,P15,6.7
8,-0.1288,7.9487,0.12181,girls,P15,7
9,-0.1507,8.2254,0.12199,girls,P15,7.3
10,-0.17,8.48,0.12223,girls,P15,7.5
11,-0.1872,8.7192,0.12247,girls,P15,7.7
12,-0.2024,8.9481,0.12268,girls,P15,7.9
13,-0.2158,9.1699,0.12283,girls,P15,8.1
14,-0.2278,9.387,0.12294,girls,P15,8.3
15,-0.2384,9.6008,0.12299,girls,P15,8.5
16,-0.2478,9.8124,0.12303,girls,P15,8.7
17,-0.2562,10.0226,0.12306,girls,P15,8.8
18,-0.2637,10.2315,0.12309,girls,P15,9
19,-0.2703,10.4393,0.12315,girls,P15,9.2
20,-0.2762,10.6464,0.12323,girls,P15,9.4
21,-0.2815,10.8534,0.12335,girls,P15,9.6
22,-0.2862,11.0608,0.1235,girls,P15,9.8
23,-0.2903,11.2688,0.12369,girls,P15,9.9
24,-0.2941,11.4775,0.1239,girls,P15,10.1
25,-0.2975,11.6864,0.12414,girls,P15,10.3
26,-0.3005,11.8947,0.12441,girls,P15,10.5
27,-0.3032,12.1015,0.12472,girls,P15,10.7
28,-0.3057,12.3059,0.12506,girls,P15,10.8
29,-0.308,12.5073,0.12545,girls,P15,11
30,-0.3101,12.7055,0.12587,girls,P15,11.2
31,-0.312,12.9006,0.12633,girls,P15,11.3
32,-0.3138,13.093,0.12683,girls,P15,11.5
33,-0.3155,13.2837,0.12737,girls,P15,11.7
34,-0.3171,13.4731,0.12794,girls,P15,11.8
35,-0.3186,13.6618,0.12855,girls,P15,12
36,-0.3201,13.8503,0.12919,girls,P15,12.1
37,-0.3216,14.0385,0.12988,girls,P15,12.3
38,-0.323,14.2265,0.13059,girls,P15,12.5
39,-0.3243,14.414,0.13135,girls,P15,12.6
40,-0.3257,14.601,0.13213,girls,P15,12.8
41,-0.327,14.7873,0.13293,girls,P15,12.9
42,-0.3283,14.9727,0.13376,girls,P15,13.1
43,-0.3296,15.1573,0.1346,girls,P15,13.2
44,-0.3309,15.341,0.13545,girls,P15,13.4
45,-0.3322,15.524,0.1363,girls,P15,13.5
46,-0.3335,15.7064,0.13716,girls,P15,13.7
47,-0.3348,15.8882,0.138,girls,P15,13.8
48,-0.3361,16.0697,0.13884,girls,P15,14
49,-0.3374,16.2511,0.13968,girls,P15,14.1
50,-0.3387,16.4322,0.14051,girls,P15,14.3
51,-0.34,16.6133,0.14132,girls,P15,14.4
52,-0.3414,16.7942,0.14213,girls,P15,14.5
53,-0.3427,16.9748,0.14293,girls,P15,14.7
54,-0.344,17.1551,0.14371,girls,P15,14.8
55,-0.3453,17.3347,0.14448,girls,P15,15
56,-0.3466,17.5136,0.14525,girls,P15,15.1
57,-0.3479,17.6916,0.146,girls,P15,15.3
58,-0.3492,17.8686,0.14675,girls,P15,15.4
59,-0.3505,18.0445,0.14748,girls,P15,15.5
60,-0.3518,18.2193,0.14821,girls,P15,15.7
0,0.3487,3.3464,0.14602,boys,P25,3
1,0.2297,4.4709,0.13395,boys,P25,4.1
2,0.197,5.5675,0.12385,boys,P25,5.1
3,0.1738,6.3762,0.11727,boys,P25,5.9
4,0.1553,7.0023,0.11316,boys,P25,6.5
5,0.1395,7.5105,0.1108,boys,P25,7
6,0.1257,7.934,0.10958,boys,P25,7.4
7,0.1134,8.297,0.10902,boys,P25,7.7
8,0.1021,8.6151,0.10882,boys,P25,8
9,0.0917,8.9014,0.10881,boys,P25,8.3
10,0.082,9.1649,0.10891,boys,P25,8.5
11,0.073,9.4122,0.10906,boys,P25,8.7
12,0.0644,9.6479,0.10925,boys,P25,9
13,0.0563,9.8749,0.10949,boys,P25,9.2
14,0.0487,10.0953,0.10976,boys,P25,9.4
15,0.0413,10.3108,0.11007,boys,P25,9.6
16,0.0343,10.5228,0.11041,boys,P25,9.8
17,0.0275,10.7319,0.11079,boys,P25,10
18,0.0211,10.9385,0.11119,boys,P25,10.1
19,0.0148,11.143,0.11164,boys,P25,10.3
20,0.0087,11.3462,0.11211,boys,P25,10.5
21,0.0029,11.5486,0.11261,boys,P25,10.7
22,-0.0028,11.7504,0.11314,boys,P25,10.9
23,-0.0083,11.9514,0.11369,boys,P25,11.1
24,-0.0137,12.1515,0.11426,boys,P25,11.3
25,-0.0189,12.3502,0.11485,boys,P25,11.4
26,-0.024,12.5466,0.11544,boys,P25,11.6
27,-0.0289,12.7401,0.11604,boys,P25,11.8
28,-0.0337,12.9303,0.11664,boys,P25,12
29,-0.0385,13.1169,0.11723,boys,P25,12.1
30,-0.0431,13.3,0.11781,boys,P25,12.3
31,-0.0476,13.4798,0.11839,boys,P25,12.4
32,-0.052,13.6567,0.11896,boys,P25,12.6
33,-0.0564,13.8309,0.11953,boys,P25,12.8
34,-0.0606,14.0031,0.12008,boys,P25,12.9
35,-0.0648,14.1736,0.12062,boys,P25,13.1
36,-0.0689,14.3429,0.12116,boys,P25,13.2
37,-0.0729,14.5113,0.12168,boys,P25,13.4
38,-0.0769,14.6791,0.1222,boys,P25,13.5
39,-0.0808,14.8466,0.12271,boys,P25,13.7
40,-0.0846,15.014,0.12322,boys,P25,13.8
41,-0.0883,15.1813,0.12373,boys,P25,14
42,-0.092,15.3486,0.12425,boys,P25,14.1
43,-0.0957,15.5158,0.12478,boys,P25,14.3
44,-0.0993,15.6828,0.12531,boys,P25,14.4
45,-0.1028,15.8497,0.12586,boys,P25,14.6
46,-0.1063,16.0163,0.12643,boys,P25,14.7
47,-0.1097,16.1827,0.127,boys,P25,14.9
48,-0.1131,16.3489,0.12759,boys,P25,15
49,-0.1165,16.515,0.12819,boys,P25,15.2
50,-0.1198,16.6811,0.1288,boys,P25,15.3
51,-0.123,16.8471,0.12943,boys,P25,15.4
52,-0.1262,17.0132,0.13005,boys,P25,15.6
53,-0.1294,17.1792,0.13069,boys,P25,15.7
54,-0.1325,17.3452,0.13133,boys,P25,15.9
55,-0.1356,17.5111,0.13197,boys,P25,16
56,-0.1387,17.6768,0.13261,boys,P25,16.2
57,-0.1417,17.8422,0.13325,boys,P25,16.3
58,-0.1447,18.0073,0.13389,boys,P25,16.5
59,-0.1477,18.1722,0.13453,boys,P25,16.6
60,-0.1506,18.3366,0.13517,boys,P25,16.7
0,0.3809,3.2322,0.14171,girls,P25,2.9
1,0.1714,4.1873,0.13724,girls,P25,3.8
2,0.0962,5.1282,0.13,girls,P25,4.7
3,0.0402,5.8458,0.12619,girls,P25,5.4
4,-0.005,6.4237,0.12402,girls,P25,5.9
5,-0.043,6.8985,0.12274,girls,P25,6.4
6,-0.0756,7.297,0.12204,girls,P25,6.7
7,-0.1039,7.6422,0.12178,girls,P25,7
8,-0.1288,7.9487,0.12181,girls,P25,7.3
9,-0.1507,8.2254,0.12199,girls,P25,7.6
10,-0.17,8.48,0.12223,girls,P25,7.8
11,-0.1872,8.7192,0.12247,girls,P25,8
12,-0.2024,8.9481,0.12268,girls,P25,8.2
13,-0.2158,9.1699,0.12283,girls,P25,8.4
14,-0.2278,9.387,0.12294,girls,P25,8.6
15,-0.2384,9.6008,0.12299,girls,P25,8.8
16,-0.2478,9.8124,0.12303,girls,P25,9
17,-0.2562,10.0226,0.12306,girls,P25,9.2
18,-0.2637,10.2315,0.12309,girls,P25,9.4
19,-0.2703,10.4393,0.12315,girls,P25,9.6
20,-0.2762,10.6464,0.12323,girls,P25,9.8
21,-0.2815,10.8534,0.12335,girls,P25,10
22,-0.2862,11.0608,0.1235,girls,P25,10.2
23,-0.2903,11.2688,0.12369,girls,P25,10.4
24,-0.2941,11.4775,0.1239,girls,P25,10.6
25,-0.2975,11.6864,0.12414,girls,P25,10.8
26,-0.3005,11.8947,0.12441,girls,P25,10.9
27,-0.3032,12.1015,0.12472,girls,P25,11.1
28,-0.3057,12.3059,0.12506,girls,P25,11.3
29,-0.308,12.5073,0.12545,girls,P25,11.5
30,-0.3101,12.7055,0.12587,girls,P25,11.7
31,-0.312,12.9006,0.12633,girls,P25,11.9
32,-0.3138,13.093,0.12683,girls,P25,12
33,-0.3155,13.2837,0.12737,girls,P25,12.2
34,-0.3171,13.4731,0.12794,girls,P25,12.4
35,-0.3186,13.6618,0.12855,girls,P25,12.5
36,-0.3201,13.8503,0.12919,girls,P25,12.7
37,-0.3216,14.0385,0.12988,girls,P25,12.9
38,-0.323,14.2265,0.13059,girls,P25,13
39,-0.3243,14.414,0.13135,girls,P25,13.2
40,-0.3257,14.601,0.13213,girls,P25,13.4
41,-0.327,14.7873,0.13293,girls,P25,13.5
42,-0.3283,14.9727,0.13376,girls,P25,13.7
43,-0.3296,15.1573,0.1346,girls,P25,13.9
44,-0.3309,15.341,0.13545,girls,P25,14
45,-0.3322,15.524,0.1363,girls,P25,14.2
46,-0.3335,15.7064,0.13716,girls,P25,14.3
47,-0.3348,15.8882,0.138,girls,P25,14.5
48,-0.3361,16.0697,0.13884,girls,P25,14.7
49,-0.3374,16.2511,0.13968,girls,P25,14.8
50,-0.3387,16.4322,0.14051,girls,P25,15
51,-0.34,16.6133,0.14132,girls,P25,15.1
52,-0.3414,16.7942,0.14213,girls,P25,15.3
53,-0.3427,16.9748,0.14293,girls,P25,15.4
54,-0.344,17.1551,0.14371,girls,P25,15.6
55,-0.3453,17.3347,0.14448,girls,P25,15.8
56,-0.3466,17.5136,0.14525,girls,P25,15.9
57,-0.3479,17.6916,0.146,girls,P25,16.1
58,-0.3492,17.8686,0.14675,girls,P25,16.2
59,-0.3505,18.0445,0.14748,girls,P25,16.4
60,-0.3518,18.2193,0.14821,girls,P25,16.5
0,0.3487,3.3464,0.14602,boys,P50,3.3
1,0.2297,4.4709,0.13395,boys,P50,4.5
2,0.197,5.5675,0.12385,boys,P50,5.6
3,0.1738,6.3762,0.11727,boys,P50,6.4
4,0.1553,7.0023,0.11316,boys,P50,7
5,0.1395,7.5105,0.1108,boys,P50,7.5
6,0.1257,7.934,0.10958,boys,P50,7.9
7,0.1134,8.297,0.10902,boys,P50,8.3
8,0.1021,8.6151,0.10882,boys,P50,8.6
9,0.0917,8.9014,0.10881,boys,P50,8.9
10,0.082,9.1649,0.10891,boys,P50,9.2
11,0.073,9.4122,0.10906,boys,P50,9.4
12,0.0644,9.6479,0.10925,boys,P50,9.6
13,0.0563,9.8749,0.10949,boys,P50,9.9
14,0.0487,10.0953,0.10976,boys,P50,10.1
15,0.0413,10.3108,0.11007,boys,P50,10.3
16,0.0343,10.5228,0.11041,boys,P50,10.5
17,0.0275,10.7319,0.11079,boys,P50,10.7
18,0.0211,10.9385,0.11119,boys,P50,10.9
19,0.0148,11.143,0.11164,boys,P50,11.1
20,0.0087,11.3462,0.11211,boys,P50,11.3
21,0.0029,11.5486,0.11261,boys,P50,11.5
22,-0.0028,11.7504,0.11314,boys,P50,11.8
23,-0.0083,11.9514,0.11369,boys,P50,12
24,-0.0137,12.1515,0.11426,boys,P50,12.2
25,-0.0189,12.3502,0.11485,boys,P50,12.4
26,-0.024,12.5466,0.11544,boys,P50,12.5
27,-0.0289,12.7401,0.11604,boys,P50,12.7
28,-0.0337,12.9303,0.11664,boys,P50,12.9
29,-0.0385,13.1169,0.11723,boys,P50,13.1
30,-0.0431,13.3,0.11781,boys,P50,13.3
31,-0.0476,13.4798,0.11839,boys,P50,13.5
32,-0.052,13.6567,0.11896,boys,P50,13.7
33,-0.0564,13.8309,0.11953,boys,P50,13.8
34,-0.0606,14.0031,0.12008,boys,P50,14
35,-0.0648,14.1736,0.12062,boys,P50,14.2
36,-0.0689,14.3429,0.12116,boys,P50,14.3
37,-0.0729,14.5113,0.12168,boys,P50,14.5
38,-0.0769,14.6791,0.1222,boys,P50,14.7
39,-0.0808,14.8466,0.12271,boys,P50,14.8
40,-0.0846,15.014,0.12322,boys,P50,15
41,-0.0883,15.1813,0.12373,boys,P50,15.2
42,-0.092,15.3486,0.12425,boys,P50,15.3
43,-0.0957,15.5158,0.12478,boys,P50,15.5
44,-0.0993,15.6828,0.12531,boys,P50,15.7
45,-0.1028,15.8497,0.12586,boys,P50,15.8
46,-0.1063,16.0163,0.12643,boys,P50,16
47,-0.1097,16.1827,0.127,boys,P50,16.2
48,-0.1131,16.3489,0.12759,boys,P50,16.3
49,-0.1165,16.515,0.12819,boys,P50,16.5
50,-0.1198,16.6811,0.1288,boys,P50,16.7
51,-0.123,16.8471,0.12943,boys,P50,16.8
52,-0.1262,17.0132,0.13005,boys,P50,17
53,-0.1294,17.1792,0.13069,boys,P50,17.2
54,-0.1325,17.3452,0.13133,boys,P50,17.3
55,-0.1356,17.5111,0.13197,boys,P50,17.5
56,-0.1387,17.6768,0.13261,boys,P50,17.7
57,-0.1417,17.8422,0.13325,boys,P50,17.8
58,-0.1447,18.0073,0.13389,boys,P50,18
59,-0.1477,18.1722,0.13453,boys,P50,18.2
60,-0.1506,18.3366,0.13517,boys,P50,18.3
0,0.3809,3.2322,0.14171,girls,P50,3.2
1,0.1714,4.1873,0.13724,girls,P50,4.2
2,0.0962,5.1282,0.13,girls,P50,5.1
3,0.0402,5.8458,0.12619,girls,P50,5.8
4,-0.005,6.4237,0.12402,girls,P50,6.4
5,-0.043,6.8985,0.12274,girls,P50,6.9
6,-0.0756,7.297,0.12204,girls,P50,7.3
7,-0.1039,7.6422,0.12178,girls,P50,7.6
8,-0.1288,7.9487,0.12181,girls,P50,7.9
9,-0.1507,8.2254,0.12199,girls,P50,8.2
10,-0.17,8.48,0.12223,girls,P50,8.5
11,-0.1872,8.7192,0.12247,girls,P50,8.7
12,-0.2024,8.9481,0.12268,girls,P50,8.9
13,-0.2158,9.1699,0.12283,girls,P50,9.2
14,-0.2278,9.387,0.12294,girls,P50,9.4
15,-0.2384,9.6008,0.12299,girls,P50,9.6
16,-0.2478,9.8124,0.12303,girls,P50,9.8
17,-0.2562,10.0226,0.12306,girls,P50,10
18,-0.2637,10.2315,0.12309,girls,P50,10.2
19,-0.2703,10.4393,0.12315,girls,P50,10.4
20,-0.2762,10.6464,0.12323,girls,P50,10.6
21,-0.2815,10.8534,0.12335,girls,P50,10.9
22,-0.2862,11.0608,0.1235,girls,P50,11.1
23,-0.2903,11.2688,0.12369,girls,P50,11.3
24,-0.2941,11.4775,0.1239,girls,P50,11.5
25,-0.2975,11.6864,0.12414,girls,P50,11.7
26,-0.3005,11.8947,0.12441,girls,P50,11.9
27,-0.3032,12.1015,0.12472,girls,P50,12.1
28,-0.3057,12.3059,0.12506,girls,P50,12.3
29,-0.308,12.5073,0.12545,girls,P50,12.5
30,-0.3101,12.7055,0.12587,girls,P50,12.7
31,-0.312,12.9006,0.12633,girls,P50,12.9
32,-0.3138,13.093,0.12683,girls,P50,13.1
33,-0.3155,13.2837,0.12737,girls,P50,13.3
34,-0.3171,13.4731,0.12794,girls,P50,13.5
35,-0.3186,13.6618,0.12855,girls,P50,13.7
36,-0.3201,13.8503,0.12919,girls,P50,13.9
37,-0.3216,14.0385,0.12988,girls,P50,14
38,-0.323,14.2265,0.13059,girls,P50,14.2
39,-0.3243,14.414,0.13135,girls,P50,14.4
40,-0.3257,14.601,0.13213,girls,P50,14.6
41,-0.327,14.7873,0.13293,girls,P50,14.8
42,-0.3283,14.9727,0.13376,girls,P50,15
43,-0.3296,15.1573,0.1346,girls,P50,15.2
44,-0.3309,15.341,0.13545,girls,P50,15.3
45,-0.3322,15.524,0.1363,girls,P50,15.5
46,-0.3335,15.7064,0.13716,girls,P50,15.7
47,-0.3348,15.8882,0.138,girls,P50,15.9
48,-0.3361,16.0697,0.13884,girls,P50,16.1
49,-0.3374,16.2511,0.13968,girls,P50,16.3
50,-0.3387,16.4322,0.14051,girls,P50,16.4
51,-0.34,16.6133,0.14132,girls,P50,16.6
52,-0.3414,16.7942,0.14213,girls,P50,16.8
53,-0.3427,16.9748,0.14293,girls,P50,17
54,-0.344,17.1551,0.14371,girls,P50,17.2
55,-0.3453,17.3347,0.14448,girls,P50,17.3
56,-0.3466,17.5136,0.14525,girls,P50,17.5
57,-0.3479,17.6916,0.146,girls,P50,17.7
58,-0.3492,17.8686,0.14675,girls,P50,17.9
59,-0.3505,18.0445,0.14748,girls,P50,18
60,-0.3518,18.2193,0.14821,girls,P50,18.2
0,0.3487,3.3464,0.14602,boys,P75,3.7
1,0.2297,4.4709,0.13395,boys,P75,4.9
2,0.197,5.5675,0.12385,boys,P75,6
3,0.1738,6.3762,0.11727,boys,P75,6.9
4,0.1553,7.0023,0.11316,boys,P75,7.6
5,0.1395,7.5105,0.1108,boys,P75,8.1
6,0.1257,7.934,0.10958,boys,P75,8.5
7,0.1134,8.297,0.10902,boys,P75,8.9
8,0.1021,8.6151,0.10882,boys,P75,9.3
9,0.0917,8.9014,0.10881,boys,P75,9.6
10,0.082,9.1649,0.10891,boys,P75,9.9
11,0.073,9.4122,0.10906,boys,P75,10.1
12,0.0644,9.6479,0.10925,boys,P75,10.4
13,0.0563,9.8749,0.10949,boys,P75,10.6
14,0.0487,10.0953,0.10976,boys,P75,10.9
15,0.0413,10.3108,0.11007,boys,P75,11.1
16,0.0343,10.5228,0.11041,boys,P75,11.3
17,0.0275,10.7319,0.11079,boys,P75,11.6
18,0.0211,10.9385,0.11119,boys,P75,11.8
19,0.0148,11.143,0.11164,boys,P75,12
20,0.0087,11.3462,0.11211,boys,P75,12.2
21,0.0029,11.5486,0.11261,boys,P75,12.5
22,-0.0028,11.7504,0.11314,boys,P75,12.7
23,-0.0083,11.9514,0.11369,boys,P75,12.9
24,-0.0137,12.1515,0.11426,boys,P75,13.1
25,-0.0189,12.3502,0.11485,boys,P75,13.3
26,-0.024,12.5466,0.11544,boys,P75,13.6
27,-0.0289,12.7401,0.11604,boys,P75,13.8
28,-0.0337,12.9303,0.11664,boys,P75,14
29,-0.0385,13.1169,0.11723,boys,P75,14.2
30,-0.0431,13.3,0.11781,boys,P75,14.4
31,-0.0476,13.4798,0.11839,boys,P75,14.6
32,-0.052,13.6567,0.11896,boys,P75,14.8
33,-0.0564,13.8309,0.11953,boys,P75,15
34,-0.0606,14.0031,0.12008,boys,P75,15.2
35,-0.0648,14.1736,0.12062,boys,P75,15.4
36,-0.0689,14.3429,0.12116,boys,P75,15.6
37,-0.0729,14.5113,0.12168,boys,P75,15.8
38,-0.0769,14.6791,0.1222,boys,P75,15.9
39,-0.0808,14.8466,0.12271,boys,P75,16.1
40,-0.0846,15.014,0.12322,boys,P75,16.3
41,-0.0883,15.1813,0.12373,boys,P75,16.5
42,-0.092,15.3486,0.12425,boys,P75,16.7
43,-0.0957,15.5158,0.12478,boys,P75,16.9
44,-0.0993,15.6828,0.12531,boys,P75,17.1
45,-0.1028,15.8497,0.12586,boys,P75,17.3
46,-0.1063,16.0163,0.12643,boys,P75,17.4
47,-0.1097,16.1827,0.127,boys,P75,17.6
48,-0.1131,16.3489,0.12759,boys,P75,17.8
49,-0.1165,16.515,0.12819,boys,P75,18
50,-0.1198,16.6811,0.1288,boys,P75,18.2
51,-0.123,16.8471,0.12943,boys,P75,18.4
52,-0.1262,17.0132,0.13005,boys,P75,18.6
53,-0.1294,17.1792,0.13069,boys,P75,18.8
54,-0.1325,17.3452,0.13133,boys,P75,19
55,-0.1356,17.5111,0.13197,boys,P75,19.2
56,-0.1387,17.6768,0.13261,boys,P75,19.3
57,-0.1417,17.8422,0.13325,boys,P75,19.5
58,-0.1447,18.0073,0.13389,boys,P75,19.7
59,-0.1477,18.1722,0.13453,boys,P75,19.9
60,-0.1506,18.3366,0.13517,boys,P75,20.1
0,0.3809,3.2322,0.14171,girls,P75,3.6
1,0.1714,4.1873,0.13724,girls,P75,4.6
2,0.0962,5.1282,0.13,girls,P75,5.6
3,0.0402,5.8458,0.12619,girls,P75,6.4
4,-0.005,6.4237,0.12402,girls,P75,7
5,-0.043,6.8985,0.12274,girls,P75,7.5
6,-0.0756,7.297,0.12204,girls,P75,7.9
7,-0.1039,7.6422,0.12178,girls,P75,8.3
8,-0.1288,7.9487,0.12181,girls,P75,8.6
9,-0.1507,8.2254,0.12199,girls,P75,8.9
10,-0.17,8.48,0.12223,girls,P75,9.2
11,-0.1872,8.7192,0.12247,girls,P75,9.5
12,-0.2024,8.9481,0.12268,girls,P75,9.7
13,-0.2158,9.1699,0.12283,girls,P75,10
14,-0.2278,9.387,0.12294,girls,P75,10.2
15,-0.2384,9.6008,0.12299,girls,P75,10.4
16,-0.2478,9.8124,0.12303,girls,P75,10.7
17,-0.2562,10.0226,0.12306,girls,P75,10.9
18,-0.2637,10.2315,0.12309,girls,P75,11.1
19,-0.2703,10.4393,0.12315,girls,P75,11.4
20,-0.2762,10.6464,0.12323,girls,P75,11.6
21,-0.2815,10.8534,0.12335,girls,P75,11.8
22,-0.2862,11.0608,0.1235,girls,P75,12
23,-0.2903,11.2688,0.12369,girls,P75,12.3
24,-0.2941,11.4775,0.1239,girls,P75,12.5
25,-0.2975,11.6864,0.12414,girls,P75,12.7
26,-0.3005,11.8947,0.12441,girls,P75,12.9
27,-0.3032,12.1015,0.12472,girls,P75,13.2
28,-0.3057,12.3059,0.12506,girls,P75,13.4
29,-0.308,12.5073,0.12545,girls,P75,13.6
30,-0.3101,12.7055,0.12587,girls,P75,13.8
31,-0.312,12.9006,0.12633,girls,P75,14.1
32,-0.3138,13.093,0.12683,girls,P75,14.3
33,-0.3155,13.2837,0.12737,girls,P75,14.5
34,-0.3171,13.4731,0.12794,girls,P75,14.7
35,-0.3186,13.6618,0.12855,girls,P75,14.9
36,-0.3201,13.8503,0.12919,girls,P75,15.1
37,-0.3216,14.0385,0.12988,girls,P75,15.3
38,-0.323,14.2265,0.13059,girls,P75,15.6
39,-0.3243,14.414,0.13135,girls,P75,15.8
40,-0.3257,14.601,0.13213,girls,P75,16
41,-0.327,14.7873,0.13293,girls,P75,16.2
42,-0.3283,14.9727,0.13376,girls,P75,16.4
43,-0.3296,15.1573,0.1346,girls,P75,16.6
44,-0.3309,15.341,0.13545,girls,P75,16.8
45,-0.3322,15.524,0.1363,girls,P75,17
46,-0.3335,15.7064,0.13716,girls,P75,17.3
47,-0.3348,15.8882,0.138,girls,P75,17.5
48,-0.3361,16.0697,0.13884,girls,P75,17.7
49,-0.3374,16.2511,0.13968,girls,P75,17.9
50,-0.3387,16.4322,0.14051,girls,P75,18.1
51,-0.34,16.6133,0.14132,girls,P75,18.3
52,-0.3414,16.7942,0.14213,girls,P75,18.5
53,-0.3427,16.9748,0.14293,girls,P75,18.7
54,-0.344,17.1551,0.14371,girls,P75,18.9
55,-0.3453,17.3347,0.14448,girls,P75,19.1
56,-0.3466,17.5136,0.14525,girls,P75,19.3
57,-0.3479,17.6916,0.146,girls,P75,19.6
58,-0.3492,17.8686,0.14675,girls,P75,19.8
59,-0.3505,18.0445,0.14748,girls,P75,20
60,-0.3518,18.2193,0.14821,girls,P75,20.2
0,0.3487,3.3464,0.14602,boys,P85,3.9
1,0.2297,4.4709,0.13395,boys,P85,5.1
2,0.197,5.5675,0.12385,boys,P85,6.3
3,0.1738,6.3762,0.11727,boys,P85,7.2
4,0.1553,7.0023,0.11316,boys,P85,7.9
5,0.1395,7.5105,0.1108,boys,P85,8.4
6,0.1257,7.934,0.10958,boys,P85,8.9
7,0.1134,8.297,0.10902,boys,P85,9.3
8,0.1021,8.6151,0.10882,boys,P85,9.6
9,0.0917,8.9014,0.10881,boys,P85,10
10,0.082,9.1649,0.10891,boys,P85,10.3
11,0.073,9.4122,0.10906,boys,P85,10.5
12,0.0644,9.6479,0.10925,boys,P85,10.8
13,0.0563,9.8749,0.10949,boys,P85,11.1
14,0.0487,10.0953,0.10976,boys,P85,11.3
15,0.0413,10.3108,0.11007,boys,P85,11.6
16,0.0343,10.5228,0.11041,boys,P85,11.8
17,0.0275,10.7319,0.11079,boys,P85,12
18,0.0211,10.9385,0.11119,boys,P85,12.3
19,0.0148,11.143,0.11164,boys,P85,12.5
20,0.0087,11.3462,0.11211,boys,P85,12.7
21,0.0029,11.5486,0.11261,boys,P85,13
22,-0.0028,11.7504,0.11314,boys,P85,13.2
23,-0.0083,11.9514,0.11369,boys,P85,13.4
24,-0.0137,12.1515,0.11426,boys,P85,13.7
25,-0.0189,12.3502,0.11485,boys,P85,13.9
26,-0.024,12.5466,0.11544,boys,P85,14.1
27,-0.0289,12.7401,0.11604,boys,P85,14.4
28,-0.0337,12.9303,0.11664,boys,P85,14.6
29,-0.0385,13.1169,0.11723,boys,P85,14.8
30,-0.0431,13.3,0.11781,boys,P85,15
31,-0.0476,13.4798,0.11839,boys,P85,15.2
32,-0.052,13.6567,0.11896,boys,P85,15.5
33,-0.0564,13.8309,0.11953,boys,P85,15.7
34,-0.0606,14.0031,0.12008,boys,P85,15.9
35,-0.0648,14.1736,0.12062,boys,P85,16.1
36,-0.0689,14.3429,0.12116,boys,P85,16.3
37,-0.0729,14.5113,0.12168,boys,P85,16.5
38,-0.0769,14.6791,0.1222,boys,P85,16.7
39,-0.0808,14.8466,0.12271,boys,P85,16.9
40,-0.0846,15.014,0.12322,boys,P85,17.1
41,-0.0883,15.1813,0.12373,boys,P85,17.3
42,-0.092,15.3486,0.12425,boys,P85,17.5
43,-0.0957,15.5158,0.12478,boys,P85,17.7
44,-0.0993,15.6828,0.12531,boys,P85,17.9
45,-0.1028,15.8497,0.12586,boys,P85,18.1
46,-0.1063,16.0163,0.12643,boys,P85,18.3
47,-0.1097,16.1827,0.127,boys,P85,18.5
48,-0.1131,16.3489,0.12759,boys,P85,18.7
49,-0.1165,16.515,0.12819,boys,P85,18.9
50,-0.1198,16.6811,0.1288,boys,P85,19.1
51,-0.123,16.8471,0.12943,boys,P85,19.3
52,-0.1262,17.0132,0.13005,boys,P85,19.5
53,-0.1294,17.1792,0.13069,boys,P85,19.7
54,-0.1325,17.3452,0.13133,boys,P85,19.9
55,-0.1356,17.5111,0.13197,boys,P85,20.1
56,-0.1387,17.6768,0.13261,boys,P85,20.3
57,-0.1417,17.8422,0.13325,boys,P85,20.5
58,-0.1447,18.0073,0.13389,boys,P85,20.7
59,-0.1477,18.1722,0.13453,boys,P85,20.9
60,-0.1506,18.3366,0.13517,boys,P85,21.1
0,0.3809,3.2322,0.14171,girls,P85,3.7
1,0.1714,4.1873,0.13724,girls,P85,4.8
2,0.0962,5.1282,0.13,girls,P85,5.9
3,0.0402,5.8458,0.12619,girls,P85,6.7
4,-0.005,6.4237,0.12402,girls,P85,7.3
5,-0.043,6.8985,0.12274,girls,P85,7.8
6,-0.0756,7.297,0.12204,girls,P85,8.3
7,-0.1039,7.6422,0.12178,girls,P85,8.7
8,-0.1288,7.9487,0.12181,girls,P85,9
9,-0.1507,8.2254,0.12199,girls,P85,9.3
10,-0.17,8.48,0.12223,girls,P85,9.6
11,-0.1872,8.7192,0.12247,girls,P85,9.9
12,-0.2024,8.9481,0.12268,girls,P85,10.2
13,-0.2158,9.1699,0.12283,girls,P85,10.4
14,-0.2278,9.387,0.12294,girls,P85,10.7
15,-0.2384,9.6008,0.12299,girls,P85,10.9
16,-0.2478,9.8124,0.12303,girls,P85,11.2
17,-0.2562,10.0226,0.12306,girls,P85,11.4
18,-0.2637,10.2315,0.12309,girls,P85,11.6
19,-0.2703,10.4393,0.12315,girls,P85,11.9
20,-0.2762,10.6464,0.12323,girls,P85,12.1
21,-0.2815,10.8534,0.12335,girls,P85,12.4
22,-0.2862,11.0608,0.1235,girls,P85,12.6
23,-0.2903,11.2688,0.12369,girls,P85,12.8
24,-0.2941,11.4775,0.1239,girls,P85,13.1
25,-0.2975,11.6864,0.12414,girls,P85,13.3
26,-0.3005,11.8947,0.12441,girls,P85,13.6
27,-0.3032,12.1015,0.12472,girls,P85,13.8
28,-0.3057,12.3059,0.12506,girls,P85,14
29,-0.308,12.5073,0.12545,girls,P85,14.3
30,-0.3101,12.7055,0.12587,girls,P85,14.5
31,-0.312,12.9006,0.12633,girls,P85,14.7
32,-0.3138,13.093,0.12683,girls,P85,15
33,-0.3155,13.2837,0.12737,girls,P85,15.2
34,-0.3171,13.4731,0.12794,girls,P85,15.4
35,-0.3186,13.6618,0.12855,girls,P85,15.7
36,-0.3201,13.8503,0.12919,girls,P85,15.9
37,-0.3216,14.0385,0.12988,girls,P85,16.1
38,-0.323,14.2265,0.13059,girls,P85,16.3
39,-0.3243,14.414,0.13135,girls,P85,16.6
40,-0.3257,14.601,0.13213,girls,P85,16.8
41,-0.327,14.7873,0.13293,girls,P85,17
42,-0.3283,14.9727,0.13376,girls,P85,17.3
43,-0.3296,15.1573,0.1346,girls,P85,17.5
44,-0.3309,15.341,0.13545,girls,P85,17.7
45,-0.3322,15.524,0.1363,girls,P85,17.9
46,-0.3335,15.7064,0.13716,girls,P85,18.2
47,-0.3348,15.8882,0.138,girls,P85,18.4
48,-0.3361,16.0697,0.13884,girls,P85,18.6
49,-0.3374,16.2511,0.13968,girls,P85,18.9
50,-0.3387,16.4322,0.14051,girls,P85,19.1
51,-0.34,16.6133,0.14132,girls,P85,19.3
52,-0.3414,16.7942,0.14213,girls,P85,19.5
53,-0.3427,16.9748,0.14293,girls,P85,19.8
54,-0.344,17.1551,0.14371,girls,P85,20
55,-0.3453,17.3347,0.14448,girls,P85,20.2
56,-0.3466,17.5136,0.14525,girls,P85,20.4
57,-0.3479,17.6916,0.146,girls,P85,20.7
58,-0.3492,17.8686,0.14675,girls,P85,20.9
59,-0.3505,18.0445,0.14748,girls,P85,21.1
60,-0.3518,18.2193,0.14821,girls,P85,21.3
0,0.3487,3.3464,0.14602,boys,P90,4
1,0.2297,4.4709,0.13395,boys,P90,5.3
2,0.197,5.5675,0.12385,boys,P90,6.5
3,0.1738,6.3762,0.11727,boys,P90,7.4
4,0.1553,7.0023,0.11316,boys,P90,8.1
5,0.1395,7.5105,0.1108,boys,P90,8.6
6,0.1257,7.934,0.10958,boys,P90,9.1
7,0.1134,8.297,0.10902,boys,P90,9.5
8,0.1021,8.6151,0.10882,boys,P90,9.9
9,0.0917,8.9014,0.10881,boys,P90,10.2
10,0.082,9.1649,0.10891,boys,P90,10.5
11,0.073,9.4122,0.10906,boys,P90,10.8
12,0.0644,9.6479,0.10925,boys,P90,11.1
13,0.0563,9.8749,0.10949,boys,P90,11.4
14,0.0487,10.0953,0.10976,boys,P90,11.6
15,0.0413,10.3108,0.11007,boys,P90,11.9
16,0.0343,10.5228,0.11041,boys,P90,12.1
17,0.0275,10.7319,0.11079,boys,P90,12.4
18,0.0211,10.9385,0.11119,boys,P90,12.6
19,0.0148,11.143,0.11164,boys,P90,12.9
20,0.0087,11.3462,0.11211,boys,P90,13.1
21,0.0029,11.5486,0.11261,boys,P90,13.3
22,-0.0028,11.7504,0.11314,boys,P90,13.6
23,-0.0083,11.9514,0.11369,boys,P90,13.8
24,-0.0137,12.1515,0.11426,boys,P90,14.1
25,-0.0189,12.3502,0.11485,boys,P90,14.3
26,-0.024,12.5466,0.11544,boys,P90,14.6
27,-0.0289,12.7401,0.11604,boys,P90,14.8
28,-0.0337,12.9303,0.11664,boys,P90,15
29,-0.0385,13.1169,0.11723,boys,P90,15.2
30,-0.0431,13.3,0.11781,boys,P90,15.5
31,-0.0476,13.4798,0.11839,boys,P90,15.7
32,-0.052,13.6567,0.11896,boys,P90,15.9
33,-0.0564,13.8309,0.11953,boys,P90,16.1
34,-0.0606,14.0031,0.12008,boys,P90,16.3
35,-0.0648,14.1736,0.12062,boys,P90,16.6
36,-0.0689,14.3429,0.12116,boys,P90,16.8
37,-0.0729,14.5113,0.12168,boys,P90,17
38,-0.0769,14.6791,0.1222,boys,P90,17.2
39,-0.0808,14.8466,0.12271,boys,P90,17.4
40,-0.0846,15.014,0.12322,boys,P90,17.6
41,-0.0883,15.1813,0.12373,boys,P90,17.8
42,-0.092,15.3486,0.12425,boys,P90,18
43,-0.0957,15.5158,0.12478,boys,P90,18.2
44,-0.0993,15.6828,0.12531,boys,P90,18.4
45,-0.1028,15.8497,0.12586,boys,P90,18.6
46,-0.1063,16.0163,0.12643,boys,P90,18.9
47,-0.1097,16.1827,0.127,boys,P90,19.1
48,-0.1131,16.3489,0.12759,boys,P90,19.3
49,-0.1165,16.515,0.12819,boys,P90,19.5
50,-0.1198,16.6811,0.1288,boys,P90,19.7
51,-0.123,16.8471,0.12943,boys,P90,19.9
52,-0.1262,17.0132,0.13005,boys,P90,20.1
53,-0.1294,17.1792,0.13069,boys,P90,20.3
54,-0.1325,17.3452,0.13133,boys,P90,20.6
55,-0.1356,17.5111,0.13197,boys,P90,20.8
56,-0.1387,17.6768,0.13261,boys,P90,21
57,-0.1417,17.8422,0.13325,boys,P90,21.2
58,-0.1447,18.0073,0.13389,boys,P90,21.4
59,-0.1477,18.1722,0.13453,boys,P90,21.6
60,-0.1506,18.3366,0.13517,boys,P90,21.9
0,0.3809,3.2322,0.14171,girls,P90,3.9
1,0.1714,4.1873,0.13724,girls,P90,5
2,0.0962,5.1282,0.13,girls,P90,6
3,0.0402,5.8458,0.12619,girls,P90,6.9
4,-0.005,6.4237,0.12402,girls,P90,7.5
5,-0.043,6.8985,0.12274,girls,P90,8.1
6,-0.0756,7.297,0.12204,girls,P90,8.5
7,-0.1039,7.6422,0.12178,girls,P90,8.9
8,-0.1288,7.9487,0.12181,girls,P90,9.3
9,-0.1507,8.2254,0.12199,girls,P90,9.6
10,-0.17,8.48,0.12223,girls,P90,9.9
11,-0.1872,8.7192,0.12247,girls,P90,10.2
12,-0.2024,8.9481,0.12268,girls,P90,10.5
13,-0.2158,9.1699,0.12283,girls,P90,10.8
14,-0.2278,9.387,0.12294,girls,P90,11
15,-0.2384,9.6008,0.12299,girls,P90,11.3
16,-0.2478,9.8124,0.12303,girls,P90,11.5
17,-0.2562,10.0226,0.12306,girls,P90,11.8
18,-0.2637,10.2315,0.12309,girls,P90,12
19,-0.2703,10.4393,0.12315,girls,P90,12.3
20,-0.2762,10.6464,0.12323,girls,P90,12.5
21,-0.2815,10.8534,0.12335,girls,P90,12.8
22,-0.2862,11.0608,0.1235,girls,P90,13
23,-0.2903,11.2688,0.12369,girls,P90,13.3
24,-0.2941,11.4775,0.1239,girls,P90,13.5
25,-0.2975,11.6864,0.12414,girls,P90,13.8
26,-0.3005,11.8947,0.12441,girls,P90,14
27,-0.3032,12.1015,0.12472,girls,P90,14.3
28,-0.3057,12.3059,0.12506,girls,P90,14.5
29,-0.308,12.5073,0.12545,girls,P90,14.7
30,-0.3101,12.7055,0.12587,girls,P90,15
31,-0.312,12.9006,0.12633,girls,P90,15.2
32,-0.3138,13.093,0.12683,girls,P90,15.5
33,-0.3155,13.2837,0.12737,girls,P90,15.7
34,-0.3171,13.4731,0.12794,girls,P90,15.9
35,-0.3186,13.6618,0.12855,girls,P90,16.2
36,-0.3201,13.8503,0.12919,girls,P90,16.4
37,-0.3216,14.0385,0.12988,girls,P90,16.7
38,-0.323,14.2265,0.13059,girls,P90,16.9
39,-0.3243,14.414,0.13135,girls,P90,17.1
40,-0.3257,14.601,0.13213,girls,P90,17.4
41,-0.327,14.7873,0.13293,girls,P90,17.6
42,-0.3283,14.9727,0.13376,girls,P90,17.9
43,-0.3296,15.1573,0.1346,girls,P90,18.1
44,-0.3309,15.341,0.13545,girls,P90,18.3
45,-0.3322,15.524,0.1363,girls,P90,18.6
46,-0.3335,15.7064,0.13716,girls,P90,18.8
47,-0.3348,15.8882,0.138,girls,P90,19.1
48,-0.3361,16.0697,0.13884,girls,P90,19.3
49,-0.3374,16.2511,0.13968,girls,P90,19.5
50,-0.3387,16.4322,0.14051,girls,P90,19.8
51,-0.34,16.6133,0.14132,girls,P90,20
52,-0.3414,16.7942,0.14213,girls,P90,20.3
53,-0.3427,16.9748,0.14293,girls,P90,20.5
54,-0.344,17.1551,0.14371,girls,P90,20.8
55,-0.3453,17.3347,0.14448,girls,P90,21
56,-0.3466,17.5136,0.14525,girls,P90,21.2
57,-0.3479,17.6916,0.146,girls,P90,21.5
58,-0.3492,17.8686,0.14675,girls,P90,21.7
59,-0.3505,18.0445,0.14748,girls,P90,21.9
60,-0.3518,18.2193,0.14821,girls,P90,22.2
0,0.3487,3.3464,0.14602,boys,P95,4.2
1,0.2297,4.4709,0.13395,boys,P95,5.5
2,0.197,5.5675,0.12385,boys,P95,6.8
3,0.1738,6.3762,0.11727,boys,P95,7.7
4,0.1553,7.0023,0.11316,boys,P95,8.4
5,0.1395,7.5105,0.1108,boys,P95,9
6,0.1257,7.934,0.10958,boys,P95,9.5
7,0.1134,8.297,0.10902,boys,P95,9.9
8,0.1021,8.6151,0.10882,boys,P95,10.3
9,0.0917,8.9014,0.10881,boys,P95,10.6
10,0.082,9.1649,0.10891,boys,P95,10.9
11,0.073,9.4122,0.10906,boys,P95,11.2
12,0.0644,9.6479,0.10925,boys,P95,11.5
13,0.0563,9.8749,0.10949,boys,P95,11.8
14,0.0487,10.0953,0.10976,boys,P95,12.1
15,0.0413,10.3108,0.11007,boys,P95,12.3
16,0.0343,10.5228,0.11041,boys,P95,12.6
17,0.0275,10.7319,0.11079,boys,P95,12.9
18,0.0211,10.9385,0.11119,boys,P95,13.1
19,0.0148,11.143,0.11164,boys,P95,13.4
20,0.0087,11.3462,0.11211,boys,P95,13.6
21,0.0029,11.5486,0.11261,boys,P95,13.9
22,-0.0028,11.7504,0.11314,boys,P95,14.2
23,-0.0083,11.9514,0.11369,boys,P95,14.4
24,-0.0137,12.1515,0.11426,boys,P95,14.7
25,-0.0189,12.3502,0.11485,boys,P95,14.9
26,-0.024,12.5466,0.11544,boys,P95,15.2
27,-0.0289,12.7401,0.11604,boys,P95,15.4
28,-0.0337,12.9303,0.11664,boys,P95,15.7
29,-0.0385,13.1169,0.11723,boys,P95,15.9
30,-0.0431,13.3,0.11781,boys,P95,16.2
31,-0.0476,13.4798,0.11839,boys,P95,16.4
32,-0.052,13.6567,0.11896,boys,P95,16.6
33,-0.0564,13.8309,0.11953,boys,P95,16.9
34,-0.0606,14.0031,0.12008,boys,P95,17.1
35,-0.0648,14.1736,0.12062,boys,P95,17.3
36,-0.0689,14.3429,0.12116,boys,P95,17.5
37,-0.0729,14.5113,0.12168,boys,P95,17.8
38,-0.0769,14.6791,0.1222,boys,P95,18
39,-0.0808,14.8466,0.12271,boys,P95,18.2
40,-0.0846,15.014,0.12322,boys,P95,18.4
41,-0.0883,15.1813,0.12373,boys,P95,18.6
42,-0.092,15.3486,0.12425,boys,P95,18.9
43,-0.0957,15.5158,0.12478,boys,P95,19.1
44,-0.0993,15.6828,0.12531,boys,P95,19.3
45,-0.1028,15.8497,0.12586,boys,P95,19.5
46,-0.1063,16.0163,0.12643,boys,P95,19.8
47,-0.1097,16.1827,0.127,boys,P95,20
48,-0.1131,16.3489,0.12759,boys,P95,20.2
49,-0.1165,16.515,0.12819,boys,P95,20.4
50,-0.1198,16.6811,0.1288,boys,P95,20.7
51,-0.123,16.8471,0.12943,boys,P95,20.9
52,-0.1262,17.0132,0.13005,boys,P95,21.1
53,-0.1294,17.1792,0.13069,boys,P95,21.4
54,-0.1325,17.3452,0.13133,boys,P95,21.6
55,-0.1356,17.5111,0.13197,boys,P95,21.8
56,-0.1387,17.6768,0.13261,boys,P95,22.1
57,-0.1417,17.8422,0.13325,boys,P95,22.3
58,-0.1447,18.0073,0.13389,boys,P95,22.5
59,-0.1477,18.1722,0.13453,boys,P95,22.8
60,-0.1506,18.3366,0.13517,boys,P95,23
0,0.3809,3.2322,0.14171,girls,P95,4
1,0.1714,4.1873,0.13724,girls,P95,5.2
2,0.0962,5.1282,0.13,girls,P95,6.3
3,0.0402,5.8458,0.12619,girls,P95,7.2
4,-0.005,6.4237,0.12402,girls,P95,7.9
5,-0.043,6.8985,0.12274,girls,P95,8.4
6,-0.0756,7.297,0.12204,girls,P95,8.9
7,-0.1039,7.6422,0.12178,girls,P95,9.4
8,-0.1288,7.9487,0.12181,girls,P95,9.7
9,-0.1507,8.2254,0.12199,girls,P95,10.1
10,-0.17,8.48,0.12223,girls,P95,10.4
11,-0.1872,8.7192,0.12247,girls,P95,10.7
12,-0.2024,8.9481,0.12268,girls,P95,11
13,-0.2158,9.1699,0.12283,girls,P95,11.3
14,-0.2278,9.387,0.12294,girls,P95,11.5
15,-0.2384,9.6008,0.12299,girls,P95,11.8
16,-0.2478,9.8124,0.12303,girls,P95,12.1
17,-0.2562,10.0226,0.12306,girls,P95,12.3
18,-0.2637,10.2315,0.12309,girls,P95,12.6
19,-0.2703,10.4393,0.12315,girls,P95,12.9
20,-0.2762,10.6464,0.12323,girls,P95,13.1
21,-0.2815,10.8534,0.12335,girls,P95,13.4
22,-0.2862,11.0608,0.1235,girls,P95,13.6
23,-0.2903,11.2688,0.12369,girls,P95,13.9
24,-0.2941,11.4775,0.1239,girls,P95,14.2
25,-0.2975,11.6864,0.12414,girls,P95,14.4
26,-0.3005,11.8947,0.12441,girls,P95,14.7
27,-0.3032,12.1015,0.12472,girls,P95,15
28,-0.3057,12.3059,0.12506,girls,P95,15.2
29,-0.308,12.5073,0.12545,girls,P95,15.5
30,-0.3101,12.7055,0.12587,girls,P95,15.7
31,-0.312,12.9006,0.12633,girls,P95,16
32,-0.3138,13.093,0.12683,girls,P95,16.2
33,-0.3155,13.2837,0.12737,girls,P95,16.5
34,-0.3171,13.4731,0.12794,girls,P95,16.8
35,-0.3186,13.6618,0.12855,girls,P95,17
36,-0.3201,13.8503,0.12919,girls,P95,17.3
37,-0.3216,14.0385,0.12988,girls,P95,17.5
38,-0.323,14.2265,0.13059,girls,P95,17.8
39,-0.3243,14.414,0.13135,girls,P95,18
40,-0.3257,14.601,0.13213,girls,P95,18.3
41,-0.327,14.7873,0.13293,girls,P95,18.6
42,-0.3283,14.9727,0.13376,girls,P95,18.8
43,-0.3296,15.1573,0.1346,girls,P95,19.1
44,-0.3309,15.341,0.13545,girls,P95,19.3
45,-0.3322,15.524,0.1363,girls,P95,19.6
46,-0.3335,15.7064,0.13716,girls,P95,19.9
47,-0.3348,15.8882,0.138,girls,P95,20.1
48,-0.3361,16.0697,0.13884,girls,P95,20.4
49,-0.3374,16.2511,0.13968,girls,P95,20.6
50,-0.3387,16.4322,0.14051,girls,P95,20.9
51,-0.34,16.6133,0.14132,girls,P95,21.2
52,-0.3414,16.7942,0.14213,girls,P95,21.4
53,-0.3427,16.9748,0.14293,girls,P95,21.7
54,-0.344,17.1551,0.14371,girls,P95,22
55,-0.3453,17.3347,0.14448,girls,P95,22.2
56,-0.3466,17.5136,0.14525,girls,P95,22.5
57,-0.3479,17.6916,0.146,girls,P95,22.7
58,-0.3492,17.8686,0.14675,girls,P95,23
59,-0.3505,18.0445,0.14748,girls,P95,23.3
60,-0.3518,18.2193,0.14821,girls,P95,23.5
0,0.3487,3.3464,0.14602,boys,P97,4.3
1,0.2297,4.4709,0.13395,boys,P97,5.7
2,0.197,5.5675,0.12385,boys,P97,7
3,0.1738,6.3762,0.11727,boys,P97,7.9
4,0.1553,7.0023,0.11316,boys,P97,8.6
5,0.1395,7.5105,0.1108,boys,P97,9.2
6,0.1257,7.934,0.10958,boys,P97,9.7
7,0.1134,8.297,0.10902,boys,P97,10.2
8,0.1021,8.6151,0.10882,boys,P97,10.5
9,0.0917,8.9014,0.10881,boys,P97,10.9
10,0.082,9.1649,0.10891,boys,P97,11.2
11,0.073,9.4122,0.10906,boys,P97,11.5
12,0.0644,9.6479,0.10925,boys,P97,11.8
13,0.0563,9.8749,0.10949,boys,P97,12.1
14,0.0487,10.0953,0.10976,boys,P97,12.4
15,0.0413,10.3108,0.11007,boys,P97,12.7
16,0.0343,10.5228,0.11041,boys,P97,12.9
17,0.0275,10.7319,0.11079,boys,P97,13.2
18,0.0211,10.9385,0.11119,boys,P97,13.5
19,0.0148,11.143,0.11164,boys,P97,13.7
20,0.0087,11.3462,0.11211,boys,P97,14
21,0.0029,11.5486,0.11261,boys,P97,14.3
22,-0.0028,11.7504,0.11314,boys,P97,14.5
23,-0.0083,11.9514,0.11369,boys,P97,14.8
24,-0.0137,12.1515,0.11426,boys,P97,15.1
25,-0.0189,12.3502,0.11485,boys,P97,15.3
26,-0.024,12.5466,0.11544,boys,P97,15.6
27,-0.0289,12.7401,0.11604,boys,P97,15.9
28,-0.0337,12.9303,0.11664,boys,P97,16.1
29,-0.0385,13.1169,0.11723,boys,P97,16.4
30,-0.0431,13.3,0.11781,boys,P97,16.6
31,-0.0476,13.4798,0.11839,boys,P97,16.9
32,-0.052,13.6567,0.11896,boys,P97,17.1
33,-0.0564,13.8309,0.11953,boys,P97,17.3
34,-0.0606,14.0031,0.12008,boys,P97,17.6
35,-0.0648,14.1736,0.12062,boys,P97,17.8
36,-0.0689,14.3429,0.12116,boys,P97,18
37,-0.0729,14.5113,0.12168,boys,P97,18.3
38,-0.0769,14.6791,0.1222,boys,P97,18.5
39,-0.0808,14.8466,0.12271,boys,P97,18.7
40,-0.0846,15.014,0.12322,boys,P97,19
41,-0.0883,15.1813,0.12373,boys,P97,19.2
42,-0.092,15.3486,0.12425,boys,P97,19.4
43,-0.0957,15.5158,0.12478,boys,P97,19.7
44,-0.0993,15.6828,0.12531,boys,P97,19.9
45,-0.1028,15.8497,0.12586,boys,P97,20.1
46,-0.1063,16.0163,0.12643,boys,P97,20.4
47,-0.1097,16.1827,0.127,boys,P97,20.6
48,-0.1131,16.3489,0.12759,boys,P97,20.9
49,-0.1165,16.515,0.12819,boys,P97,21.1
50,-0.1198,16.6811,0.1288,boys,P97,21.3
51,-0.123,16.8471,0.12943,boys,P97,21.6
52,-0.1262,17.0132,0.13005,boys,P97,21.8
53,-0.1294,17.1792,0.13069,boys,P97,22.1
54,-0.1325,17.3452,0.13133,boys,P97,22.3
55,-0.1356,17.5111,0.13197,boys,P97,22.5
56,-0.1387,17.6768,0.13261,boys,P97,22.8
57,-0.1417,17.8422,0.13325,boys,P97,23
58,-0.1447,18.0073,0.13389,boys,P97,23.3
59,-0.1477,18.1722,0.13453,boys,P97,23.5
60,-0.1506,18.3366,0.13517,boys,P97,23.8
0,0.3809,3.2322,0.14171,girls,P97,4.2
1,0.1714,4.1873,0.13724,girls,P97,5.4
2,0.0962,5.1282,0.13,girls,P97,6.5
3,0.0402,5.8458,0.12619,girls,P97,7.4
4,-0.005,6.4237,0.12402,girls,P97,8.1
5,-0.043,6.8985,0.12274,girls,P97,8.7
6,-0.0756,7.297,0.12204,girls,P97,9.2
7,-0.1039,7.6422,0.12178,girls,P97,9.6
8,-0.1288,7.9487,0.12181,girls,P97,10
9,-0.1507,8.2254,0.12199,girls,P97,10.4
10,-0.17,8.48,0.12223,girls,P97,10.7
11,-0.1872,8.7192,0.12247,girls,P97,11
12,-0.2024,8.9481,0.12268,girls,P97,11.3
13,-0.2158,9.1699,0.12283,girls,P97,11.6
14,-0.2278,9.387,0.12294,girls,P97,11.9
15,-0.2384,9.6008,0.12299,girls,P97,12.2
16,-0.2478,9.8124,0.12303,girls,P97,12.5
17,-0.2562,10.0226,0.12306,girls,P97,12.7
18,-0.2637,10.2315,0.12309,girls,P97,13
19,-0.2703,10.4393,0.12315,girls,P97,13.3
20,-0.2762,10.6464,0.12323,girls,P97,13.5
21,-0.2815,10.8534,0.12335,girls,P97,13.8
22,-0.2862,11.0608,0.1235,girls,P97,14.1
23,-0.2903,11.2688,0.12369,girls,P97,14.3
24,-0.2941,11.4775,0.1239,girls,P97,14.6
25,-0.2975,11.6864,0.12414,girls,P97,14.9
26,-0.3005,11.8947,0.12441,girls,P97,15.2
27,-0.3032,12.1015,0.12472,girls,P97,15.4
28,-0.3057,12.3059,0.12506,girls,P97,15.7
29,-0.308,12.5073,0.12545,girls,P97,16
30,-0.3101,12.7055,0.12587,girls,P97,16.2
31,-0.312,12.9006,0.12633,girls,P97,16.5
32,-0.3138,13.093,0.12683,girls,P97,16.8
33,-0.3155,13.2837,0.12737,girls,P97,17
34,-0.3171,13.4731,0.12794,girls,P97,17.3
35,-0.3186,13.6618,0.12855,girls,P97,17.6
36,-0.3201,13.8503,0.12919,girls,P97,17.8
37,-0.3216,14.0385,0.12988,girls,P97,18.1
38,-0.323,14.2265,0.13059,girls,P97,18.4
39,-0.3243,14.414,0.13135,girls,P97,18.6
40,-0.3257,14.601,0.13213,girls,P97,18.9
41,-0.327,14.7873,0.13293,girls,P97,19.2
42,-0.3283,14.9727,0.13376,girls,P97,19.5
43,-0.3296,15.1573,0.1346,girls,P97,19.7
44,-0.3309,15.341,0.13545,girls,P97,20
45,-0.3322,15.524,0.1363,girls,P97,20.3
46,-0.3335,15.7064,0.13716,girls,P97,20.6
47,-0.3348,15.8882,0.138,girls,P97,20.8
48,-0.3361,16.0697,0.13884,girls,P97,21.1
49,-0.3374,16.2511,0.13968,girls,P97,21.4
50,-0.3387,16.4322,0.14051,girls,P97,21.7
51,-0.34,16.6133,0.14132,girls,P97,22
52,-0.3414,16.7942,0.14213,girls,P97,22.2
53,-0.3427,16.9748,0.14293,girls,P97,22.5
54,-0.344,17.1551,0.14371,girls,P97,22.8
55,-0.3453,17.3347,0.14448,girls,P97,23.1
56,-0.3466,17.5136,0.14525,girls,P97,23.3
57,-0.3479,17.6916,0.146,girls,P97,23.6
58,-0.3492,17.8686,0.14675,girls,P97,23.9
59,-0.3505,18.0445,0.14748,girls,P97,24.2
60,-0.3518,18.2193,0.14821,girls,P97,24.4
0,0.3487,3.3464,0.14602,boys,P99,4.6
1,0.2297,4.4709,0.13395,boys,P99,6
2,0.197,5.5675,0.12385,boys,P99,7.4
3,0.1738,6.3762,0.11727,boys,P99,8.3
4,0.1553,7.0023,0.11316,boys,P99,9.1
5,0.1395,7.5105,0.1108,boys,P99,9.7
6,0.1257,7.934,0.10958,boys,P99,10.2
7,0.1134,8.297,0.10902,boys,P99,10.7
8,0.1021,8.6151,0.10882,boys,P99,11.1
9,0.0917,8.9014,0.10881,boys,P99,11.4
10,0.082,9.1649,0.10891,boys,P99,11.8
11,0.073,9.4122,0.10906,boys,P99,12.1
12,0.0644,9.6479,0.10925,boys,P99,12.4
13,0.0563,9.8749,0.10949,boys,P99,12.7
14,0.0487,10.0953,0.10976,boys,P99,13
15,0.0413,10.3108,0.11007,boys,P99,13.3
16,0.0343,10.5228,0.11041,boys,P99,13.6
17,0.0275,10.7319,0.11079,boys,P99,13.9
18,0.0211,10.9385,0.11119,boys,P99,14.2
19,0.0148,11.143,0.11164,boys,P99,14.4
20,0.0087,11.3462,0.11211,boys,P99,14.7
21,0.0029,11.5486,0.11261,boys,P99,15
22,-0.0028,11.7504,0.11314,boys,P99,15.3
23,-0.0083,11.9514,0.11369,boys,P99,15.6
24,-0.0137,12.1515,0.11426,boys,P99,15.9
25,-0.0189,12.3502,0.11485,boys,P99,16.1
26,-0.024,12.5466,0.11544,boys,P99,16.4
27,-0.0289,12.7401,0.11604,boys,P99,16.7
28,-0.0337,12.9303,0.11664,boys,P99,17
29,-0.0385,13.1169,0.11723,boys,P99,17.3
30,-0.0431,13.3,0.11781,boys,P99,17.5
31,-0.0476,13.4798,0.11839,boys,P99,17.8
32,-0.052,13.6567,0.11896,boys,P99,18
33,-0.0564,13.8309,0.11953,boys,P99,18.3
34,-0.0606,14.0031,0.12008,boys,P99,18.6
35,-0.0648,14.1736,0.12062,boys,P99,18.8
36,-0.0689,14.3429,0.12116,boys,P99,19.1
37,-0.0729,14.5113,0.12168,boys,P99,19.3
38,-0.0769,14.6791,0.1222,boys,P99,19.6
39,-0.0808,14.8466,0.12271,boys,P99,19.8
40,-0.0846,15.014,0.12322,boys,P99,20.1
41,-0.0883,15.1813,0.12373,boys,P99,20.3
42,-0.092,15.3486,0.12425,boys,P99,20.6
43,-0.0957,15.5158,0.12478,boys,P99,20.8
44,-0.0993,15.6828,0.12531,boys,P99,21.1
45,-0.1028,15.8497,0.12586,boys,P99,21.3
46,-0.1063,16.0163,0.12643,boys,P99,21.6
47,-0.1097,16.1827,0.127,boys,P99,21.9
48,-0.1131,16.3489,0.12759,boys,P99,22.1
49,-0.1165,16.515,0.12819,boys,P99,22.4
50,-0.1198,16.6811,0.1288,boys,P99,22.6
51,-0.123,16.8471,0.12943,boys,P99,22.9
52,-0.1262,17.0132,0.13005,boys,P99,23.2
53,-0.1294,17.1792,0.13069,boys,P99,23.4
54,-0.1325,17.3452,0.13133,boys,P99,23.7
55,-0.1356,17.5111,0.13197,boys,P99,24
56,-0.1387,17.6768,0.13261,boys,P99,24.2
57,-0.1417,17.8422,0.13325,boys,P99,24.5
58,-0.1447,18.0073,0.13389,boys,P99,24.8
59,-0.1477,18.1722,0.13453,boys,P99,25
60,-0.1506,18.3366,0.13517,boys,P99,25.3
0,0.3809,3.2322,0.14171,girls,P99,4.4
1,0.1714,4.1873,0.13724,girls,P99,5.7
2,0.0962,5.1282,0.13,girls,P99,6.9
3,0.0402,5.8458,0.12619,girls,P99,7.8
4,-0.005,6.4237,0.12402,girls,P99,8.6
5,-0.043,6.8985,0.12274,girls,P99,9.2
6,-0.0756,7.297,0.12204,girls,P99,9.7
7,-0.1039,7.6422,0.12178,girls,P99,10.2
8,-0.1288,7.9487,0.12181,girls,P99,10.6
9,-0.1507,8.2254,0.12199,girls,P99,11
10,-0.17,8.48,0.12223,girls,P99,11.3
11,-0.1872,8.7192,0.12247,girls,P99,11.7
12,-0.2024,8.9481,0.12268,girls,P99,12
13,-0.2158,9.1699,0.12283,girls,P99,12.3
14,-0.2278,9.387,0.12294,girls,P99,12.6
15,-0.2384,9.6008,0.12299,girls,P99,12.9
16,-0.2478,9.8124,0.12303,girls,P99,13.2
17,-0.2562,10.0226,0.12306,girls,P99,13.5
18,-0.2637,10.2315,0.12309,girls,P99,13.8
19,-0.2703,10.4393,0.12315,girls,P99,14.1
20,-0.2762,10.6464,0.12323,girls,P99,14.4
21,-0.2815,10.8534,0.12335,girls,P99,14.6
22,-0.2862,11.0608,0.1235,girls,P99,14.9
23,-0.2903,11.2688,0.12369,girls,P99,15.2
24,-0.2941,11.4775,0.1239,girls,P99,15.5
25,-0.2975,11.6864,0.12414,girls,P99,15.8
26,-0.3005,11.8947,0.12441,girls,P99,16.1
27,-0.3032,12.1015,0.12472,girls,P99,16.4
28,-0.3057,12.3059,0.12506,girls,P99,16.7
29,-0.308,12.5073,0.12545,girls,P99,17
30,-0.3101,12.7055,0.12587,girls,P99,17.3
31,-0.312,12.9006,0.12633,girls,P99,17.6
32,-0.3138,13.093,0.12683,girls,P99,17.8
33,-0.3155,13.2837,0.12737,girls,P99,18.1
34,-0.3171,13.4731,0.12794,girls,P99,18.4
35,-0.3186,13.6618,0.12855,girls,P99,18.7
36,-0.3201,13.8503,0.12919,girls,P99,19
37,-0.3216,14.0385,0.12988,girls,P99,19.3
38,-0.323,14.2265,0.13059,girls,P99,19.6
39,-0.3243,14.414,0.13135,girls,P99,19.9
40,-0.3257,14.601,0.13213,girls,P99,20.2
41,-0.327,14.7873,0.13293,girls,P99,20.5
42,-0.3283,14.9727,0.13376,girls,P99,20.8
43,-0.3296,15.1573,0.1346,girls,P99,21.1
44,-0.3309,15.341,0.13545,girls,P99,21.4
45,-0.3322,15.524,0.1363,girls,P99,21.7
46,-0.3335,15.7064,0.13716,girls,P99,22
47,-0.3348,15.8882,0.138,girls,P99,22.3
48,-0.3361,16.0697,0.13884,girls,P99,22.6
49,-0.3374,16.2511,0.13968,girls,P99,22.9
50,-0.3387,16.4322,0.14051,girls,P99,23.2
51,-0.34,16.6133,0.14132,girls,P99,23.5
52,-0.3414,16.7942,0.14213,girls,P99,23.9
53,-0.3427,16.9748,0.14293,girls,P99,24.2
54,-0.344,17.1551,0.14371,girls,P99,24.5
55,-0.3453,17.3347,0.14448,girls,P99,24.8
56,-0.3466,17.5136,0.14525,girls,P99,25.1
57,-0.3479,17.6916,0.146,girls,P99,25.4
58,-0.3492,17.8686,0.14675,girls,P99,25.7
59,-0.3505,18.0445,0.14748,girls,P99,26
60,-0.3518,18.2193,0.14821,girls,P99,26.3
0,0.3487,3.3464,0.14602,boys,P999,5.1
1,0.2297,4.4709,0.13395,boys,P999,6.6
2,0.197,5.5675,0.12385,boys,P999,8.1
3,0.1738,6.3762,0.11727,boys,P999,9.1
4,0.1553,7.0023,0.11316,boys,P999,9.8
5,0.1395,7.5105,0.1108,boys,P999,10.5
6,0.1257,7.934,0.10958,boys,P999,11.1
7,0.1134,8.297,0.10902,boys,P999,11.5
8,0.1021,8.6151,0.10882,boys,P999,12
9,0.0917,8.9014,0.10881,boys,P999,12.4
10,0.082,9.1649,0.10891,boys,P999,12.8
11,0.073,9.4122,0.10906,boys,P999,13.1
12,0.0644,9.6479,0.10925,boys,P999,13.5
13,0.0563,9.8749,0.10949,boys,P999,13.8
14,0.0487,10.0953,0.10976,boys,P999,14.1
15,0.0413,10.3108,0.11007,boys,P999,14.5
16,0.0343,10.5228,0.11041,boys,P999,14.8
17,0.0275,10.7319,0.11079,boys,P999,15.1
18,0.0211,10.9385,0.11119,boys,P999,15.4
19,0.0148,11.143,0.11164,boys,P999,15.7
20,0.0087,11.3462,0.11211,boys,P999,16
21,0.0029,11.5486,0.11261,boys,P999,16.4
22,-0.0028,11.7504,0.11314,boys,P999,16.7
23,-0.0083,11.9514,0.11369,boys,P999,17
24,-0.0137,12.1515,0.11426,boys,P999,17.3
25,-0.0189,12.3502,0.11485,boys,P999,17.6
26,-0.024,12.5466,0.11544,boys,P999,18
27,-0.0289,12.7401,0.11604,boys,P999,18.3
28,-0.0337,12.9303,0.11664,boys,P999,18.6
29,-0.0385,13.1169,0.11723,boys,P999,18.9
30,-0.0431,13.3,0.11781,boys,P999,19.2
31,-0.0476,13.4798,0.11839,boys,P999,19.5
32,-0.052,13.6567,0.11896,boys,P999,19.8
33,-0.0564,13.8309,0.11953,boys,P999,20.1
34,-0.0606,14.0031,0.12008,boys,P999,20.4
35,-0.0648,14.1736,0.12062,boys,P999,20.7
36,-0.0689,14.3429,0.12116,boys,P999,21
37,-0.0729,14.5113,0.12168,boys,P999,21.2
38,-0.0769,14.6791,0.1222,boys,P999,21.5
39,-0.0808,14.8466,0.12271,boys,P999,21.8
40,-0.0846,15.014,0.12322,boys,P999,22.1
41,-0.0883,15.1813,0.12373,boys,P999,22.4
42,-0.092,15.3486,0.12425,boys,P999,22.7
43,-0.0957,15.5158,0.12478,boys,P999,23
44,-0.0993,15.6828,0.12531,boys,P999,23.3
45,-0.1028,15.8497,0.12586,boys,P999,23.6
46,-0.1063,16.0163,0.12643,boys,P999,23.9
47,-0.1097,16.1827,0.127,boys,P999,24.2
48,-0.1131,16.3489,0.12759,boys,P999,24.5
49,-0.1165,16.515,0.12819,boys,P999,24.8
50,-0.1198,16.6811,0.1288,boys,P999,25.1
51,-0.123,16.8471,0.12943,boys,P999,25.4
52,-0.1262,17.0132,0.13005,boys,P999,25.7
53,-0.1294,17.1792,0.13069,boys,P999,26
54,-0.1325,17.3452,0.13133,boys,P999,26.3
55,-0.1356,17.5111,0.13197,boys,P999,26.6
56,-0.1387,17.6768,0.13261,boys,P999,27
57,-0.1417,17.8422,0.13325,boys,P999,27.3
58,-0.1447,18.0073,0.13389,boys,P999,27.6
59,-0.1477,18.1722,0.13453,boys,P999,27.9
60,-0.1506,18.3366,0.13517,boys,P999,28.2
0,0.3809,3.2322,0.14171,girls,P999,4.8
1,0.1714,4.1873,0.13724,girls,P999,6.3
2,0.0962,5.1282,0.13,girls,P999,7.6
3,0.0402,5.8458,0.12619,girls,P999,8.6
4,-0.005,6.4237,0.12402,girls,P999,9.4
5,-0.043,6.8985,0.12274,girls,P999,10.1
6,-0.0756,7.297,0.12204,girls,P999,10.7
7,-0.1039,7.6422,0.12178,girls,P999,11.2
8,-0.1288,7.9487,0.12181,girls,P999,11.7
9,-0.1507,8.2254,0.12199,girls,P999,12.1
10,-0.17,8.48,0.12223,girls,P999,12.5
11,-0.1872,8.7192,0.12247,girls,P999,12.9
12,-0.2024,8.9481,0.12268,girls,P999,13.3
13,-0.2158,9.1699,0.12283,girls,P999,13.6
14,-0.2278,9.387,0.12294,girls,P999,14
15,-0.2384,9.6008,0.12299,girls,P999,14.3
16,-0.2478,9.8124,0.12303,girls,P999,14.6
17,-0.2562,10.0226,0.12306,girls,P999,15
18,-0.2637,10.2315,0.12309,girls,P999,15.3
19,-0.2703,10.4393,0.12315,girls,P999,15.6
20,-0.2762,10.6464,0.12323,girls,P999,15.9
21,-0.2815,10.8534,0.12335,girls,P999,16.2
22,-0.2862,11.0608,0.1235,girls,P999,16.6
23,-0.2903,11.2688,0.12369,girls,P999,16.9
24,-0.2941,11.4775,0.1239,girls,P999,17.2
25,-0.2975,11.6864,0.12414,girls,P999,17.6
26,-0.3005,11.8947,0.12441,girls,P999,17.9
27,-0.3032,12.1015,0.12472,girls,P999,18.2
28,-0.3057,12.3059,0.12506,girls,P999,18.6
29,-0.308,12.5073,0.12545,girls,P999,18.9
30,-0.3101,12.7055,0.12587,girls,P999,19.2
31,-0.312,12.9006,0.12633,girls,P999,19.6
32,-0.3138,13.093,0.12683,girls,P999,19.9
33,-0.3155,13.2837,0.12737,girls,P999,20.2
34,-0.3171,13.4731,0.12794,girls,P999,20.6
35,-0.3186,13.6618,0.12855,girls,P999,20.9
36,-0.3201,13.8503,0.12919,girls,P999,21.2
37,-0.3216,14.0385,0.12988,girls,P999,21.6
38,-0.323,14.2265,0.13059,girls,P999,21.9
39,-0.3243,14.414,0.13135,girls,P999,22.3
40,-0.3257,14.601,0.13213,girls,P999,22.6
41,-0.327,14.7873,0.13293,girls,P999,23
42,-0.3283,14.9727,0.13376,girls,P999,23.3
43,-0.3296,15.1573,0.1346,girls,P999,23.7
44,-0.3309,15.341,0.13545,girls,P999,24.1
45,-0.3322,15.524,0.1363,girls,P999,24.4
46,-0.3335,15.7064,0.13716,girls,P999,24.8
47,-0.3348,15.8882,0.138,girls,P999,25.2
48,-0.3361,16.0697,0.13884,girls,P999,25.5
49,-0.3374,16.2511,0.13968,girls,P999,25.9
50,-0.3387,16.4322,0.14051,girls,P999,26.3
51,-0.34,16.6133,0.14132,girls,P999,26.7
52,-0.3414,16.7942,0.14213,girls,P999,27
53,-0.3427,16.9748,0.14293,girls,P999,27.4
54,-0.344,17.1551,0.14371,girls,P999,27.8
55,-0.3453,17.3347,0.14448,girls,P999,28.2
56,-0.3466,17.5136,0.14525,girls,P999,28.5
57,-0.3479,17.6916,0.146,girls,P999,28.9
58,-0.3492,17.8686,0.14675,girls,P999,29.3
59,-0.3505,18.0445,0.14748,girls,P999,29.6
60,-0.3518,18.2193,0.14821,girls,P999,30
